time,latitude,longitude,t2,fhour,init_time
2021-06-21 00:00:00,47.5,237.75,300.27658,0.0,2021-06-21 00:00:00
2021-06-21 06:00:00,47.5,237.75,293.15503,6.0,2021-06-21 00:00:00
2021-06-21 12:00:00,47.5,237.75,289.55127,12.0,2021-06-21 00:00:00
2021-06-21 18:00:00,47.5,237.75,297.5152,18.0,2021-06-21 00:00:00
2021-06-22 00:00:00,47.5,237.75,302.0093,24.0,2021-06-21 00:00:00
2021-06-22 06:00:00,47.5,237.75,294.69797,30.0,2021-06-21 00:00:00
2021-06-22 12:00:00,47.5,237.75,291.1811,36.0,2021-06-21 00:00:00
2021-06-22 18:00:00,47.5,237.75,295.03275,42.0,2021-06-21 00:00:00
2021-06-23 00:00:00,47.5,237.75,298.0975,48.0,2021-06-21 00:00:00
2021-06-23 06:00:00,47.5,237.75,291.6298,54.0,2021-06-21 00:00:00
2021-06-23 12:00:00,47.5,237.75,288.6628,60.0,2021-06-21 00:00:00
2021-06-23 18:00:00,47.5,237.75,292.15088,66.0,2021-06-21 00:00:00
2021-06-24 00:00:00,47.5,237.75,296.35986,72.0,2021-06-21 00:00:00
2021-06-24 06:00:00,47.5,237.75,290.89438,78.0,2021-06-21 00:00:00
2021-06-24 12:00:00,47.5,237.75,288.76035,84.0,2021-06-21 00:00:00
2021-06-24 18:00:00,47.5,237.75,294.32263,90.0,2021-06-21 00:00:00
2021-06-25 00:00:00,47.5,237.75,298.374,96.0,2021-06-21 00:00:00
2021-06-25 06:00:00,47.5,237.75,292.4029,102.0,2021-06-21 00:00:00
2021-06-25 12:00:00,47.5,237.75,290.17862,108.0,2021-06-21 00:00:00
2021-06-25 18:00:00,47.5,237.75,297.94446,114.0,2021-06-21 00:00:00
2021-06-26 00:00:00,47.5,237.75,303.05374,120.0,2021-06-21 00:00:00
2021-06-26 06:00:00,47.5,237.75,295.47443,126.0,2021-06-21 00:00:00
2021-06-26 12:00:00,47.5,237.75,292.71112,132.0,2021-06-21 00:00:00
2021-06-26 18:00:00,47.5,237.75,300.0358,138.0,2021-06-21 00:00:00
2021-06-27 00:00:00,47.5,237.75,303.99454,144.0,2021-06-21 00:00:00
2021-06-27 06:00:00,47.5,237.75,295.9687,150.0,2021-06-21 00:00:00
2021-06-27 12:00:00,47.5,237.75,292.82855,156.0,2021-06-21 00:00:00
2021-06-27 18:00:00,47.5,237.75,300.0404,162.0,2021-06-21 00:00:00
2021-06-28 00:00:00,47.5,237.75,303.49628,168.0,2021-06-21 00:00:00
2021-06-28 06:00:00,47.5,237.75,294.57306,174.0,2021-06-21 00:00:00
2021-06-28 12:00:00,47.5,237.75,291.8036,180.0,2021-06-21 00:00:00
2021-06-28 18:00:00,47.5,237.75,300.7643,186.0,2021-06-21 00:00:00
2021-06-29 00:00:00,47.5,237.75,305.6052,192.0,2021-06-21 00:00:00
2021-06-29 06:00:00,47.5,237.75,296.39792,198.0,2021-06-21 00:00:00
2021-06-29 12:00:00,47.5,237.75,293.99673,204.0,2021-06-21 00:00:00
2021-06-29 18:00:00,47.5,237.75,302.0379,210.0,2021-06-21 00:00:00
2021-06-30 00:00:00,47.5,237.75,304.38828,216.0,2021-06-21 00:00:00
2021-06-30 06:00:00,47.5,237.75,295.58728,222.0,2021-06-21 00:00:00
2021-06-30 12:00:00,47.5,237.75,292.60416,228.0,2021-06-21 00:00:00
2021-06-30 18:00:00,47.5,237.75,299.60095,234.0,2021-06-21 00:00:00
2021-07-01 00:00:00,47.5,237.75,301.81693,240.0,2021-06-21 00:00:00
2021-06-21 12:00:00,47.5,237.75,288.21158,0.0,2021-06-21 12:00:00
2021-06-21 18:00:00,47.5,237.75,295.30432,6.0,2021-06-21 12:00:00
2021-06-22 00:00:00,47.5,237.75,299.41962,12.0,2021-06-21 12:00:00
2021-06-22 06:00:00,47.5,237.75,293.3701,18.0,2021-06-21 12:00:00
2021-06-22 12:00:00,47.5,237.75,288.819,24.0,2021-06-21 12:00:00
2021-06-22 18:00:00,47.5,237.75,293.4689,30.0,2021-06-21 12:00:00
2021-06-23 00:00:00,47.5,237.75,296.90616,36.0,2021-06-21 12:00:00
2021-06-23 06:00:00,47.5,237.75,291.06326,42.0,2021-06-21 12:00:00
2021-06-23 12:00:00,47.5,237.75,287.8096,48.0,2021-06-21 12:00:00
2021-06-23 18:00:00,47.5,237.75,291.4884,54.0,2021-06-21 12:00:00
2021-06-24 00:00:00,47.5,237.75,295.14667,60.0,2021-06-21 12:00:00
2021-06-24 06:00:00,47.5,237.75,290.06342,66.0,2021-06-21 12:00:00
2021-06-24 12:00:00,47.5,237.75,288.1884,72.0,2021-06-21 12:00:00
2021-06-24 18:00:00,47.5,237.75,293.2354,78.0,2021-06-21 12:00:00
2021-06-25 00:00:00,47.5,237.75,296.8487,84.0,2021-06-21 12:00:00
2021-06-25 06:00:00,47.5,237.75,291.45428,90.0,2021-06-21 12:00:00
2021-06-25 12:00:00,47.5,237.75,289.7292,96.0,2021-06-21 12:00:00
2021-06-25 18:00:00,47.5,237.75,297.48032,102.0,2021-06-21 12:00:00
2021-06-26 00:00:00,47.5,237.75,301.3759,108.0,2021-06-21 12:00:00
2021-06-26 06:00:00,47.5,237.75,294.93884,114.0,2021-06-21 12:00:00
2021-06-26 12:00:00,47.5,237.75,293.12112,120.0,2021-06-21 12:00:00
2021-06-26 18:00:00,47.5,237.75,303.13205,126.0,2021-06-21 12:00:00
2021-06-27 00:00:00,47.5,237.75,306.75912,132.0,2021-06-21 12:00:00
2021-06-27 06:00:00,47.5,237.75,298.71832,138.0,2021-06-21 12:00:00
2021-06-27 12:00:00,47.5,237.75,294.5972,144.0,2021-06-21 12:00:00
2021-06-27 18:00:00,47.5,237.75,303.13702,150.0,2021-06-21 12:00:00
2021-06-28 00:00:00,47.5,237.75,306.19778,156.0,2021-06-21 12:00:00
2021-06-28 06:00:00,47.5,237.75,298.614,162.0,2021-06-21 12:00:00
2021-06-28 12:00:00,47.5,237.75,295.31348,168.0,2021-06-21 12:00:00
2021-06-28 18:00:00,47.5,237.75,304.07416,174.0,2021-06-21 12:00:00
2021-06-29 00:00:00,47.5,237.75,307.4344,180.0,2021-06-21 12:00:00
2021-06-29 06:00:00,47.5,237.75,299.10794,186.0,2021-06-21 12:00:00
2021-06-29 12:00:00,47.5,237.75,296.12213,192.0,2021-06-21 12:00:00
2021-06-29 18:00:00,47.5,237.75,304.18686,198.0,2021-06-21 12:00:00
2021-06-30 00:00:00,47.5,237.75,306.16696,204.0,2021-06-21 12:00:00
2021-06-30 06:00:00,47.5,237.75,298.55615,210.0,2021-06-21 12:00:00
2021-06-30 12:00:00,47.5,237.75,292.4716,216.0,2021-06-21 12:00:00
2021-06-30 18:00:00,47.5,237.75,296.89755,222.0,2021-06-21 12:00:00
2021-07-01 00:00:00,47.5,237.75,301.21304,228.0,2021-06-21 12:00:00
2021-07-01 06:00:00,47.5,237.75,295.12686,234.0,2021-06-21 12:00:00
2021-07-01 12:00:00,47.5,237.75,291.25156,240.0,2021-06-21 12:00:00
2021-06-22 00:00:00,47.5,237.75,304.46338,0.0,2021-06-22 00:00:00
2021-06-22 06:00:00,47.5,237.75,295.98206,6.0,2021-06-22 00:00:00
2021-06-22 12:00:00,47.5,237.75,291.5311,12.0,2021-06-22 00:00:00
2021-06-22 18:00:00,47.5,237.75,295.17535,18.0,2021-06-22 00:00:00
2021-06-23 00:00:00,47.5,237.75,300.0886,24.0,2021-06-22 00:00:00
2021-06-23 06:00:00,47.5,237.75,292.26584,30.0,2021-06-22 00:00:00
2021-06-23 12:00:00,47.5,237.75,288.66745,36.0,2021-06-22 00:00:00
2021-06-23 18:00:00,47.5,237.75,291.94275,42.0,2021-06-22 00:00:00
2021-06-24 00:00:00,47.5,237.75,296.8425,48.0,2021-06-22 00:00:00
2021-06-24 06:00:00,47.5,237.75,290.9527,54.0,2021-06-22 00:00:00
2021-06-24 12:00:00,47.5,237.75,288.61917,60.0,2021-06-22 00:00:00
2021-06-24 18:00:00,47.5,237.75,292.93997,66.0,2021-06-22 00:00:00
2021-06-25 00:00:00,47.5,237.75,296.63464,72.0,2021-06-22 00:00:00
2021-06-25 06:00:00,47.5,237.75,291.17316,78.0,2021-06-22 00:00:00
2021-06-25 12:00:00,47.5,237.75,288.8133,84.0,2021-06-22 00:00:00
2021-06-25 18:00:00,47.5,237.75,296.49255,90.0,2021-06-22 00:00:00
2021-06-26 00:00:00,47.5,237.75,301.9657,96.0,2021-06-22 00:00:00
2021-06-26 06:00:00,47.5,237.75,294.8818,102.0,2021-06-22 00:00:00
2021-06-26 12:00:00,47.5,237.75,291.91656,108.0,2021-06-22 00:00:00
2021-06-26 18:00:00,47.5,237.75,302.31598,114.0,2021-06-22 00:00:00
2021-06-27 00:00:00,47.5,237.75,306.90784,120.0,2021-06-22 00:00:00
2021-06-27 06:00:00,47.5,237.75,298.3467,126.0,2021-06-22 00:00:00
2021-06-27 12:00:00,47.5,237.75,294.5196,132.0,2021-06-22 00:00:00
2021-06-27 18:00:00,47.5,237.75,305.3784,138.0,2021-06-22 00:00:00
2021-06-28 00:00:00,47.5,237.75,308.54236,144.0,2021-06-22 00:00:00
2021-06-28 06:00:00,47.5,237.75,299.13312,150.0,2021-06-22 00:00:00
2021-06-28 12:00:00,47.5,237.75,295.0694,156.0,2021-06-22 00:00:00
2021-06-28 18:00:00,47.5,237.75,304.0749,162.0,2021-06-22 00:00:00
2021-06-29 00:00:00,47.5,237.75,307.56204,168.0,2021-06-22 00:00:00
2021-06-29 06:00:00,47.5,237.75,296.76312,174.0,2021-06-22 00:00:00
2021-06-29 12:00:00,47.5,237.75,292.5892,180.0,2021-06-22 00:00:00
2021-06-29 18:00:00,47.5,237.75,296.59875,186.0,2021-06-22 00:00:00
2021-06-30 00:00:00,47.5,237.75,300.1516,192.0,2021-06-22 00:00:00
2021-06-30 06:00:00,47.5,237.75,292.7945,198.0,2021-06-22 00:00:00
2021-06-30 12:00:00,47.5,237.75,290.06104,204.0,2021-06-22 00:00:00
2021-06-30 18:00:00,47.5,237.75,294.98282,210.0,2021-06-22 00:00:00
2021-07-01 00:00:00,47.5,237.75,297.76074,216.0,2021-06-22 00:00:00
2021-07-01 06:00:00,47.5,237.75,292.0856,222.0,2021-06-22 00:00:00
2021-07-01 12:00:00,47.5,237.75,289.9938,228.0,2021-06-22 00:00:00
2021-07-01 18:00:00,47.5,237.75,294.60358,234.0,2021-06-22 00:00:00
2021-07-02 00:00:00,47.5,237.75,297.20224,240.0,2021-06-22 00:00:00
2021-06-22 12:00:00,47.5,237.75,288.4,0.0,2021-06-22 12:00:00
2021-06-22 18:00:00,47.5,237.75,292.63885,6.0,2021-06-22 12:00:00
2021-06-23 00:00:00,47.5,237.75,296.94492,12.0,2021-06-22 12:00:00
2021-06-23 06:00:00,47.5,237.75,291.38785,18.0,2021-06-22 12:00:00
2021-06-23 12:00:00,47.5,237.75,287.91217,24.0,2021-06-22 12:00:00
2021-06-23 18:00:00,47.5,237.75,291.53583,30.0,2021-06-22 12:00:00
2021-06-24 00:00:00,47.5,237.75,295.28168,36.0,2021-06-22 12:00:00
2021-06-24 06:00:00,47.5,237.75,289.7607,42.0,2021-06-22 12:00:00
2021-06-24 12:00:00,47.5,237.75,287.57855,48.0,2021-06-22 12:00:00
2021-06-24 18:00:00,47.5,237.75,292.7617,54.0,2021-06-22 12:00:00
2021-06-25 00:00:00,47.5,237.75,296.2398,60.0,2021-06-22 12:00:00
2021-06-25 06:00:00,47.5,237.75,291.17538,66.0,2021-06-22 12:00:00
2021-06-25 12:00:00,47.5,237.75,289.70828,72.0,2021-06-22 12:00:00
2021-06-25 18:00:00,47.5,237.75,297.08743,78.0,2021-06-22 12:00:00
2021-06-26 00:00:00,47.5,237.75,301.094,84.0,2021-06-22 12:00:00
2021-06-26 06:00:00,47.5,237.75,294.91776,90.0,2021-06-22 12:00:00
2021-06-26 12:00:00,47.5,237.75,292.73,96.0,2021-06-22 12:00:00
2021-06-26 18:00:00,47.5,237.75,302.25693,102.0,2021-06-22 12:00:00
2021-06-27 00:00:00,47.5,237.75,305.81464,108.0,2021-06-22 12:00:00
2021-06-27 06:00:00,47.5,237.75,298.29245,114.0,2021-06-22 12:00:00
2021-06-27 12:00:00,47.5,237.75,295.0713,120.0,2021-06-22 12:00:00
2021-06-27 18:00:00,47.5,237.75,304.36246,126.0,2021-06-22 12:00:00
2021-06-28 00:00:00,47.5,237.75,307.51025,132.0,2021-06-22 12:00:00
2021-06-28 06:00:00,47.5,237.75,299.11307,138.0,2021-06-22 12:00:00
2021-06-28 12:00:00,47.5,237.75,295.29153,144.0,2021-06-22 12:00:00
2021-06-28 18:00:00,47.5,237.75,304.1049,150.0,2021-06-22 12:00:00
2021-06-29 00:00:00,47.5,237.75,306.9559,156.0,2021-06-22 12:00:00
2021-06-29 06:00:00,47.5,237.75,299.1521,162.0,2021-06-22 12:00:00
2021-06-29 12:00:00,47.5,237.75,295.3052,168.0,2021-06-22 12:00:00
2021-06-29 18:00:00,47.5,237.75,300.6657,174.0,2021-06-22 12:00:00
2021-06-30 00:00:00,47.5,237.75,303.58292,180.0,2021-06-22 12:00:00
2021-06-30 06:00:00,47.5,237.75,296.64636,186.0,2021-06-22 12:00:00
2021-06-30 12:00:00,47.5,237.75,292.0128,192.0,2021-06-22 12:00:00
2021-06-30 18:00:00,47.5,237.75,297.1841,198.0,2021-06-22 12:00:00
2021-07-01 00:00:00,47.5,237.75,301.79224,204.0,2021-06-22 12:00:00
2021-07-01 06:00:00,47.5,237.75,295.3802,210.0,2021-06-22 12:00:00
2021-07-01 12:00:00,47.5,237.75,289.3541,216.0,2021-06-22 12:00:00
2021-07-01 18:00:00,47.5,237.75,295.28925,222.0,2021-06-22 12:00:00
2021-07-02 00:00:00,47.5,237.75,299.65063,228.0,2021-06-22 12:00:00
2021-07-02 06:00:00,47.5,237.75,293.3813,234.0,2021-06-22 12:00:00
2021-07-02 12:00:00,47.5,237.75,289.8686,240.0,2021-06-22 12:00:00
2021-06-23 00:00:00,47.5,237.75,301.03656,0.0,2021-06-23 00:00:00
2021-06-23 06:00:00,47.5,237.75,293.81485,6.0,2021-06-23 00:00:00
2021-06-23 12:00:00,47.5,237.75,289.57437,12.0,2021-06-23 00:00:00
2021-06-23 18:00:00,47.5,237.75,292.40436,18.0,2021-06-23 00:00:00
2021-06-24 00:00:00,47.5,237.75,298.0786,24.0,2021-06-23 00:00:00
2021-06-24 06:00:00,47.5,237.75,291.38998,30.0,2021-06-23 00:00:00
2021-06-24 12:00:00,47.5,237.75,288.64487,36.0,2021-06-23 00:00:00
2021-06-24 18:00:00,47.5,237.75,293.44318,42.0,2021-06-23 00:00:00
2021-06-25 00:00:00,47.5,237.75,297.6278,48.0,2021-06-23 00:00:00
2021-06-25 06:00:00,47.5,237.75,291.9922,54.0,2021-06-23 00:00:00
2021-06-25 12:00:00,47.5,237.75,289.57288,60.0,2021-06-23 00:00:00
2021-06-25 18:00:00,47.5,237.75,296.86398,66.0,2021-06-23 00:00:00
2021-06-26 00:00:00,47.5,237.75,302.5533,72.0,2021-06-23 00:00:00
2021-06-26 06:00:00,47.5,237.75,295.35767,78.0,2021-06-23 00:00:00
2021-06-26 12:00:00,47.5,237.75,292.28024,84.0,2021-06-23 00:00:00
2021-06-26 18:00:00,47.5,237.75,302.20248,90.0,2021-06-23 00:00:00
2021-06-27 00:00:00,47.5,237.75,306.62723,96.0,2021-06-23 00:00:00
2021-06-27 06:00:00,47.5,237.75,298.19788,102.0,2021-06-23 00:00:00
2021-06-27 12:00:00,47.5,237.75,294.40347,108.0,2021-06-23 00:00:00
2021-06-27 18:00:00,47.5,237.75,305.09402,114.0,2021-06-23 00:00:00
2021-06-28 00:00:00,47.5,237.75,310.2312,120.0,2021-06-23 00:00:00
2021-06-28 06:00:00,47.5,237.75,300.12537,126.0,2021-06-23 00:00:00
2021-06-28 12:00:00,47.5,237.75,295.78455,132.0,2021-06-23 00:00:00
2021-06-28 18:00:00,47.5,237.75,307.74167,138.0,2021-06-23 00:00:00
2021-06-29 00:00:00,47.5,237.75,311.71286,144.0,2021-06-23 00:00:00
2021-06-29 06:00:00,47.5,237.75,300.79715,150.0,2021-06-23 00:00:00
2021-06-29 12:00:00,47.5,237.75,295.1716,156.0,2021-06-23 00:00:00
2021-06-29 18:00:00,47.5,237.75,300.13693,162.0,2021-06-23 00:00:00
2021-06-30 00:00:00,47.5,237.75,304.35776,168.0,2021-06-23 00:00:00
2021-06-30 06:00:00,47.5,237.75,295.46494,174.0,2021-06-23 00:00:00
2021-06-30 12:00:00,47.5,237.75,291.95203,180.0,2021-06-23 00:00:00
2021-06-30 18:00:00,47.5,237.75,296.6618,186.0,2021-06-23 00:00:00
2021-07-01 00:00:00,47.5,237.75,301.68307,192.0,2021-06-23 00:00:00
2021-07-01 06:00:00,47.5,237.75,294.7556,198.0,2021-06-23 00:00:00
2021-07-01 12:00:00,47.5,237.75,291.91693,204.0,2021-06-23 00:00:00
2021-07-01 18:00:00,47.5,237.75,297.46048,210.0,2021-06-23 00:00:00
2021-07-02 00:00:00,47.5,237.75,302.29807,216.0,2021-06-23 00:00:00
2021-07-02 06:00:00,47.5,237.75,295.63257,222.0,2021-06-23 00:00:00
2021-07-02 12:00:00,47.5,237.75,292.99988,228.0,2021-06-23 00:00:00
2021-07-02 18:00:00,47.5,237.75,298.27588,234.0,2021-06-23 00:00:00
2021-07-03 00:00:00,47.5,237.75,301.96912,240.0,2021-06-23 00:00:00
2021-06-23 12:00:00,47.5,237.75,285.68036,0.0,2021-06-23 12:00:00
2021-06-23 18:00:00,47.5,237.75,290.08545,6.0,2021-06-23 12:00:00
2021-06-24 00:00:00,47.5,237.75,294.71194,12.0,2021-06-23 12:00:00
2021-06-24 06:00:00,47.5,237.75,289.6571,18.0,2021-06-23 12:00:00
2021-06-24 12:00:00,47.5,237.75,286.68506,24.0,2021-06-23 12:00:00
2021-06-24 18:00:00,47.5,237.75,291.6938,30.0,2021-06-23 12:00:00
2021-06-25 00:00:00,47.5,237.75,295.34775,36.0,2021-06-23 12:00:00
2021-06-25 06:00:00,47.5,237.75,290.69037,42.0,2021-06-23 12:00:00
2021-06-25 12:00:00,47.5,237.75,288.3458,48.0,2021-06-23 12:00:00
2021-06-25 18:00:00,47.5,237.75,295.45874,54.0,2021-06-23 12:00:00
2021-06-26 00:00:00,47.5,237.75,299.64423,60.0,2021-06-23 12:00:00
2021-06-26 06:00:00,47.5,237.75,293.98474,66.0,2021-06-23 12:00:00
2021-06-26 12:00:00,47.5,237.75,291.39194,72.0,2021-06-23 12:00:00
2021-06-26 18:00:00,47.5,237.75,300.64954,78.0,2021-06-23 12:00:00
2021-06-27 00:00:00,47.5,237.75,304.4745,84.0,2021-06-23 12:00:00
2021-06-27 06:00:00,47.5,237.75,297.52252,90.0,2021-06-23 12:00:00
2021-06-27 12:00:00,47.5,237.75,294.1161,96.0,2021-06-23 12:00:00
2021-06-27 18:00:00,47.5,237.75,304.26096,102.0,2021-06-23 12:00:00
2021-06-28 00:00:00,47.5,237.75,308.56345,108.0,2021-06-23 12:00:00
2021-06-28 06:00:00,47.5,237.75,299.61386,114.0,2021-06-23 12:00:00
2021-06-28 12:00:00,47.5,237.75,295.45703,120.0,2021-06-23 12:00:00
2021-06-28 18:00:00,47.5,237.75,307.23138,126.0,2021-06-23 12:00:00
2021-06-29 00:00:00,47.5,237.75,310.6435,132.0,2021-06-23 12:00:00
2021-06-29 06:00:00,47.5,237.75,302.17816,138.0,2021-06-23 12:00:00
2021-06-29 12:00:00,47.5,237.75,293.28662,144.0,2021-06-23 12:00:00
2021-06-29 18:00:00,47.5,237.75,299.34888,150.0,2021-06-23 12:00:00
2021-06-30 00:00:00,47.5,237.75,303.31107,156.0,2021-06-23 12:00:00
2021-06-30 06:00:00,47.5,237.75,295.6426,162.0,2021-06-23 12:00:00
2021-06-30 12:00:00,47.5,237.75,291.54086,168.0,2021-06-23 12:00:00
2021-06-30 18:00:00,47.5,237.75,296.5803,174.0,2021-06-23 12:00:00
2021-07-01 00:00:00,47.5,237.75,300.5479,180.0,2021-06-23 12:00:00
2021-07-01 06:00:00,47.5,237.75,294.9247,186.0,2021-06-23 12:00:00
2021-07-01 12:00:00,47.5,237.75,291.16733,192.0,2021-06-23 12:00:00
2021-07-01 18:00:00,47.5,237.75,296.4945,198.0,2021-06-23 12:00:00
2021-07-02 00:00:00,47.5,237.75,300.42056,204.0,2021-06-23 12:00:00
2021-07-02 06:00:00,47.5,237.75,295.26,210.0,2021-06-23 12:00:00
2021-07-02 12:00:00,47.5,237.75,291.4709,216.0,2021-06-23 12:00:00
2021-07-02 18:00:00,47.5,237.75,297.33255,222.0,2021-06-23 12:00:00
2021-07-03 00:00:00,47.5,237.75,301.3072,228.0,2021-06-23 12:00:00
2021-07-03 06:00:00,47.5,237.75,296.10593,234.0,2021-06-23 12:00:00
2021-07-03 12:00:00,47.5,237.75,291.56247,240.0,2021-06-23 12:00:00
2021-06-24 00:00:00,47.5,237.75,300.6,0.0,2021-06-24 00:00:00
2021-06-24 06:00:00,47.5,237.75,293.0645,6.0,2021-06-24 00:00:00
2021-06-24 12:00:00,47.5,237.75,289.41797,12.0,2021-06-24 00:00:00
2021-06-24 18:00:00,47.5,237.75,293.8036,18.0,2021-06-24 00:00:00
2021-06-25 00:00:00,47.5,237.75,298.85526,24.0,2021-06-24 00:00:00
2021-06-25 06:00:00,47.5,237.75,292.79465,30.0,2021-06-24 00:00:00
2021-06-25 12:00:00,47.5,237.75,290.0048,36.0,2021-06-24 00:00:00
2021-06-25 18:00:00,47.5,237.75,296.74472,42.0,2021-06-24 00:00:00
2021-06-26 00:00:00,47.5,237.75,302.4827,48.0,2021-06-24 00:00:00
2021-06-26 06:00:00,47.5,237.75,295.20206,54.0,2021-06-24 00:00:00
2021-06-26 12:00:00,47.5,237.75,291.92877,60.0,2021-06-24 00:00:00
2021-06-26 18:00:00,47.5,237.75,301.10883,66.0,2021-06-24 00:00:00
2021-06-27 00:00:00,47.5,237.75,306.23676,72.0,2021-06-24 00:00:00
2021-06-27 06:00:00,47.5,237.75,297.98007,78.0,2021-06-24 00:00:00
2021-06-27 12:00:00,47.5,237.75,294.32944,84.0,2021-06-24 00:00:00
2021-06-27 18:00:00,47.5,237.75,304.7322,90.0,2021-06-24 00:00:00
2021-06-28 00:00:00,47.5,237.75,310.36404,96.0,2021-06-24 00:00:00
2021-06-28 06:00:00,47.5,237.75,299.97473,102.0,2021-06-24 00:00:00
2021-06-28 12:00:00,47.5,237.75,295.1521,108.0,2021-06-24 00:00:00
2021-06-28 18:00:00,47.5,237.75,305.9917,114.0,2021-06-24 00:00:00
2021-06-29 00:00:00,47.5,237.75,309.39273,120.0,2021-06-24 00:00:00
2021-06-29 06:00:00,47.5,237.75,297.98102,126.0,2021-06-24 00:00:00
2021-06-29 12:00:00,47.5,237.75,293.3532,132.0,2021-06-24 00:00:00
2021-06-29 18:00:00,47.5,237.75,297.89407,138.0,2021-06-24 00:00:00
2021-06-30 00:00:00,47.5,237.75,303.99756,144.0,2021-06-24 00:00:00
2021-06-30 06:00:00,47.5,237.75,296.23932,150.0,2021-06-24 00:00:00
2021-06-30 12:00:00,47.5,237.75,292.96356,156.0,2021-06-24 00:00:00
2021-06-30 18:00:00,47.5,237.75,299.27194,162.0,2021-06-24 00:00:00
2021-07-01 00:00:00,47.5,237.75,304.459,168.0,2021-06-24 00:00:00
2021-07-01 06:00:00,47.5,237.75,296.80603,174.0,2021-06-24 00:00:00
2021-07-01 12:00:00,47.5,237.75,293.57083,180.0,2021-06-24 00:00:00
2021-07-01 18:00:00,47.5,237.75,298.4353,186.0,2021-06-24 00:00:00
2021-07-02 00:00:00,47.5,237.75,301.18634,192.0,2021-06-24 00:00:00
2021-07-02 06:00:00,47.5,237.75,293.83096,198.0,2021-06-24 00:00:00
2021-07-02 12:00:00,47.5,237.75,290.6194,204.0,2021-06-24 00:00:00
2021-07-02 18:00:00,47.5,237.75,295.5669,210.0,2021-06-24 00:00:00
2021-07-03 00:00:00,47.5,237.75,298.95132,216.0,2021-06-24 00:00:00
2021-07-03 06:00:00,47.5,237.75,292.14767,222.0,2021-06-24 00:00:00
2021-07-03 12:00:00,47.5,237.75,289.3099,228.0,2021-06-24 00:00:00
2021-07-03 18:00:00,47.5,237.75,294.2356,234.0,2021-06-24 00:00:00
2021-07-04 00:00:00,47.5,237.75,296.9465,240.0,2021-06-24 00:00:00
2021-06-24 12:00:00,47.5,237.75,286.89813,0.0,2021-06-24 12:00:00
2021-06-24 18:00:00,47.5,237.75,291.68726,6.0,2021-06-24 12:00:00
2021-06-25 00:00:00,47.5,237.75,295.95972,12.0,2021-06-24 12:00:00
2021-06-25 06:00:00,47.5,237.75,291.37198,18.0,2021-06-24 12:00:00
2021-06-25 12:00:00,47.5,237.75,288.60104,24.0,2021-06-24 12:00:00
2021-06-25 18:00:00,47.5,237.75,295.0482,30.0,2021-06-24 12:00:00
2021-06-26 00:00:00,47.5,237.75,299.04102,36.0,2021-06-24 12:00:00
2021-06-26 06:00:00,47.5,237.75,293.51276,42.0,2021-06-24 12:00:00
2021-06-26 12:00:00,47.5,237.75,290.7402,48.0,2021-06-24 12:00:00
2021-06-26 18:00:00,47.5,237.75,299.39615,54.0,2021-06-24 12:00:00
2021-06-27 00:00:00,47.5,237.75,302.9665,60.0,2021-06-24 12:00:00
2021-06-27 06:00:00,47.5,237.75,296.42255,66.0,2021-06-24 12:00:00
2021-06-27 12:00:00,47.5,237.75,293.16864,72.0,2021-06-24 12:00:00
2021-06-27 18:00:00,47.5,237.75,302.42636,78.0,2021-06-24 12:00:00
2021-06-28 00:00:00,47.5,237.75,306.39905,84.0,2021-06-24 12:00:00
2021-06-28 06:00:00,47.5,237.75,298.19266,90.0,2021-06-24 12:00:00
2021-06-28 12:00:00,47.5,237.75,295.4184,96.0,2021-06-24 12:00:00
2021-06-28 18:00:00,47.5,237.75,306.29642,102.0,2021-06-24 12:00:00
2021-06-29 00:00:00,47.5,237.75,309.2079,108.0,2021-06-24 12:00:00
2021-06-29 06:00:00,47.5,237.75,299.17215,114.0,2021-06-24 12:00:00
2021-06-29 12:00:00,47.5,237.75,292.3254,120.0,2021-06-24 12:00:00
2021-06-29 18:00:00,47.5,237.75,298.33575,126.0,2021-06-24 12:00:00
2021-06-30 00:00:00,47.5,237.75,302.11392,132.0,2021-06-24 12:00:00
2021-06-30 06:00:00,47.5,237.75,295.76538,138.0,2021-06-24 12:00:00
2021-06-30 12:00:00,47.5,237.75,292.4447,144.0,2021-06-24 12:00:00
2021-06-30 18:00:00,47.5,237.75,298.67758,150.0,2021-06-24 12:00:00
2021-07-01 00:00:00,47.5,237.75,301.96933,156.0,2021-06-24 12:00:00
2021-07-01 06:00:00,47.5,237.75,296.16556,162.0,2021-06-24 12:00:00
2021-07-01 12:00:00,47.5,237.75,291.5254,168.0,2021-06-24 12:00:00
2021-07-01 18:00:00,47.5,237.75,296.93088,174.0,2021-06-24 12:00:00
2021-07-02 00:00:00,47.5,237.75,300.70273,180.0,2021-06-24 12:00:00
2021-07-02 06:00:00,47.5,237.75,293.81403,186.0,2021-06-24 12:00:00
2021-07-02 12:00:00,47.5,237.75,289.69055,192.0,2021-06-24 12:00:00
2021-07-02 18:00:00,47.5,237.75,295.10358,198.0,2021-06-24 12:00:00
2021-07-03 00:00:00,47.5,237.75,299.38382,204.0,2021-06-24 12:00:00
2021-07-03 06:00:00,47.5,237.75,293.19623,210.0,2021-06-24 12:00:00
2021-07-03 12:00:00,47.5,237.75,289.2369,216.0,2021-06-24 12:00:00
2021-07-03 18:00:00,47.5,237.75,294.37473,222.0,2021-06-24 12:00:00
2021-07-04 00:00:00,47.5,237.75,298.69687,228.0,2021-06-24 12:00:00
2021-07-04 06:00:00,47.5,237.75,293.15353,234.0,2021-06-24 12:00:00
2021-07-04 12:00:00,47.5,237.75,289.33035,240.0,2021-06-24 12:00:00
2021-06-25 00:00:00,47.5,237.75,300.2317,0.0,2021-06-25 00:00:00
2021-06-25 06:00:00,47.5,237.75,293.72415,6.0,2021-06-25 00:00:00
2021-06-25 12:00:00,47.5,237.75,290.5304,12.0,2021-06-25 00:00:00
2021-06-25 18:00:00,47.5,237.75,296.82742,18.0,2021-06-25 00:00:00
2021-06-26 00:00:00,47.5,237.75,302.84918,24.0,2021-06-25 00:00:00
2021-06-26 06:00:00,47.5,237.75,295.5349,30.0,2021-06-25 00:00:00
2021-06-26 12:00:00,47.5,237.75,292.02524,36.0,2021-06-25 00:00:00
2021-06-26 18:00:00,47.5,237.75,300.86646,42.0,2021-06-25 00:00:00
2021-06-27 00:00:00,47.5,237.75,306.56964,48.0,2021-06-25 00:00:00
2021-06-27 06:00:00,47.5,237.75,298.09726,54.0,2021-06-25 00:00:00
2021-06-27 12:00:00,47.5,237.75,294.32697,60.0,2021-06-25 00:00:00
2021-06-27 18:00:00,47.5,237.75,304.26883,66.0,2021-06-25 00:00:00
2021-06-28 00:00:00,47.5,237.75,311.08112,72.0,2021-06-25 00:00:00
2021-06-28 06:00:00,47.5,237.75,300.44812,78.0,2021-06-25 00:00:00
2021-06-28 12:00:00,47.5,237.75,295.57703,84.0,2021-06-25 00:00:00
2021-06-28 18:00:00,47.5,237.75,306.71548,90.0,2021-06-25 00:00:00
2021-06-29 00:00:00,47.5,237.75,311.32013,96.0,2021-06-25 00:00:00
2021-06-29 06:00:00,47.5,237.75,300.11877,102.0,2021-06-25 00:00:00
2021-06-29 12:00:00,47.5,237.75,294.3938,108.0,2021-06-25 00:00:00
2021-06-29 18:00:00,47.5,237.75,298.86163,114.0,2021-06-25 00:00:00
2021-06-30 00:00:00,47.5,237.75,303.73193,120.0,2021-06-25 00:00:00
2021-06-30 06:00:00,47.5,237.75,296.14835,126.0,2021-06-25 00:00:00
2021-06-30 12:00:00,47.5,237.75,292.8812,132.0,2021-06-25 00:00:00
2021-06-30 18:00:00,47.5,237.75,298.0717,138.0,2021-06-25 00:00:00
2021-07-01 00:00:00,47.5,237.75,302.76205,144.0,2021-06-25 00:00:00
2021-07-01 06:00:00,47.5,237.75,295.82706,150.0,2021-06-25 00:00:00
2021-07-01 12:00:00,47.5,237.75,292.6964,156.0,2021-06-25 00:00:00
2021-07-01 18:00:00,47.5,237.75,296.67603,162.0,2021-06-25 00:00:00
2021-07-02 00:00:00,47.5,237.75,300.6062,168.0,2021-06-25 00:00:00
2021-07-02 06:00:00,47.5,237.75,294.29257,174.0,2021-06-25 00:00:00
2021-07-02 12:00:00,47.5,237.75,291.70392,180.0,2021-06-25 00:00:00
2021-07-02 18:00:00,47.5,237.75,297.00674,186.0,2021-06-25 00:00:00
2021-07-03 00:00:00,47.5,237.75,300.8169,192.0,2021-06-25 00:00:00
2021-07-03 06:00:00,47.5,237.75,294.67102,198.0,2021-06-25 00:00:00
2021-07-03 12:00:00,47.5,237.75,292.14267,204.0,2021-06-25 00:00:00
2021-07-03 18:00:00,47.5,237.75,297.638,210.0,2021-06-25 00:00:00
2021-07-04 00:00:00,47.5,237.75,300.6079,216.0,2021-06-25 00:00:00
2021-07-04 06:00:00,47.5,237.75,294.40347,222.0,2021-06-25 00:00:00
2021-07-04 12:00:00,47.5,237.75,291.85568,228.0,2021-06-25 00:00:00
2021-07-04 18:00:00,47.5,237.75,295.532,234.0,2021-06-25 00:00:00
2021-07-05 00:00:00,47.5,237.75,296.98615,240.0,2021-06-25 00:00:00
2021-06-25 12:00:00,47.5,237.75,289.90283,0.0,2021-06-25 12:00:00
2021-06-25 18:00:00,47.5,237.75,294.6448,6.0,2021-06-25 12:00:00
2021-06-26 00:00:00,47.5,237.75,299.10736,12.0,2021-06-25 12:00:00
2021-06-26 06:00:00,47.5,237.75,293.77744,18.0,2021-06-25 12:00:00
2021-06-26 12:00:00,47.5,237.75,290.88306,24.0,2021-06-25 12:00:00
2021-06-26 18:00:00,47.5,237.75,299.0236,30.0,2021-06-25 12:00:00
2021-06-27 00:00:00,47.5,237.75,302.87378,36.0,2021-06-25 12:00:00
2021-06-27 06:00:00,47.5,237.75,296.366,42.0,2021-06-25 12:00:00
2021-06-27 12:00:00,47.5,237.75,292.96823,48.0,2021-06-25 12:00:00
2021-06-27 18:00:00,47.5,237.75,301.78296,54.0,2021-06-25 12:00:00
2021-06-28 00:00:00,47.5,237.75,305.9028,60.0,2021-06-25 12:00:00
2021-06-28 06:00:00,47.5,237.75,298.09164,66.0,2021-06-25 12:00:00
2021-06-28 12:00:00,47.5,237.75,295.48163,72.0,2021-06-25 12:00:00
2021-06-28 18:00:00,47.5,237.75,306.24866,78.0,2021-06-25 12:00:00
2021-06-29 00:00:00,47.5,237.75,309.71152,84.0,2021-06-25 12:00:00
2021-06-29 06:00:00,47.5,237.75,301.56232,90.0,2021-06-25 12:00:00
2021-06-29 12:00:00,47.5,237.75,293.29626,96.0,2021-06-25 12:00:00
2021-06-29 18:00:00,47.5,237.75,298.3712,102.0,2021-06-25 12:00:00
2021-06-30 00:00:00,47.5,237.75,302.2621,108.0,2021-06-25 12:00:00
2021-06-30 06:00:00,47.5,237.75,295.40082,114.0,2021-06-25 12:00:00
2021-06-30 12:00:00,47.5,237.75,291.0235,120.0,2021-06-25 12:00:00
2021-06-30 18:00:00,47.5,237.75,295.0793,126.0,2021-06-25 12:00:00
2021-07-01 00:00:00,47.5,237.75,299.1481,132.0,2021-06-25 12:00:00
2021-07-01 06:00:00,47.5,237.75,293.9998,138.0,2021-06-25 12:00:00
2021-07-01 12:00:00,47.5,237.75,290.0568,144.0,2021-06-25 12:00:00
2021-07-01 18:00:00,47.5,237.75,294.52426,150.0,2021-06-25 12:00:00
2021-07-02 00:00:00,47.5,237.75,298.6857,156.0,2021-06-25 12:00:00
2021-07-02 06:00:00,47.5,237.75,292.95053,162.0,2021-06-25 12:00:00
2021-07-02 12:00:00,47.5,237.75,289.0899,168.0,2021-06-25 12:00:00
2021-07-02 18:00:00,47.5,237.75,292.98767,174.0,2021-06-25 12:00:00
2021-07-03 00:00:00,47.5,237.75,297.18042,180.0,2021-06-25 12:00:00
2021-07-03 06:00:00,47.5,237.75,291.6294,186.0,2021-06-25 12:00:00
2021-07-03 12:00:00,47.5,237.75,288.0158,192.0,2021-06-25 12:00:00
2021-07-03 18:00:00,47.5,237.75,291.88754,198.0,2021-06-25 12:00:00
2021-07-04 00:00:00,47.5,237.75,295.9244,204.0,2021-06-25 12:00:00
2021-07-04 06:00:00,47.5,237.75,290.5973,210.0,2021-06-25 12:00:00
2021-07-04 12:00:00,47.5,237.75,287.4421,216.0,2021-06-25 12:00:00
2021-07-04 18:00:00,47.5,237.75,290.8305,222.0,2021-06-25 12:00:00
2021-07-05 00:00:00,47.5,237.75,293.9055,228.0,2021-06-25 12:00:00
2021-07-05 06:00:00,47.5,237.75,289.8953,234.0,2021-06-25 12:00:00
2021-07-05 12:00:00,47.5,237.75,287.594,240.0,2021-06-25 12:00:00
2021-06-26 00:00:00,47.5,237.75,303.96637,0.0,2021-06-26 00:00:00
2021-06-26 06:00:00,47.5,237.75,296.08194,6.0,2021-06-26 00:00:00
2021-06-26 12:00:00,47.5,237.75,292.4966,12.0,2021-06-26 00:00:00
2021-06-26 18:00:00,47.5,237.75,301.21884,18.0,2021-06-26 00:00:00
2021-06-27 00:00:00,47.5,237.75,307.9992,24.0,2021-06-26 00:00:00
2021-06-27 06:00:00,47.5,237.75,298.90707,30.0,2021-06-26 00:00:00
2021-06-27 12:00:00,47.5,237.75,294.69202,36.0,2021-06-26 00:00:00
2021-06-27 18:00:00,47.5,237.75,304.35272,42.0,2021-06-26 00:00:00
2021-06-28 00:00:00,47.5,237.75,311.69833,48.0,2021-06-26 00:00:00
2021-06-28 06:00:00,47.5,237.75,301.07227,54.0,2021-06-26 00:00:00
2021-06-28 12:00:00,47.5,237.75,296.1064,60.0,2021-06-26 00:00:00
2021-06-28 18:00:00,47.5,237.75,306.781,66.0,2021-06-26 00:00:00
2021-06-29 00:00:00,47.5,237.75,311.0166,72.0,2021-06-26 00:00:00
2021-06-29 06:00:00,47.5,237.75,299.81778,78.0,2021-06-26 00:00:00
2021-06-29 12:00:00,47.5,237.75,294.32883,84.0,2021-06-26 00:00:00
2021-06-29 18:00:00,47.5,237.75,298.37598,90.0,2021-06-26 00:00:00
2021-06-30 00:00:00,47.5,237.75,301.13403,96.0,2021-06-26 00:00:00
2021-06-30 06:00:00,47.5,237.75,294.37457,102.0,2021-06-26 00:00:00
2021-06-30 12:00:00,47.5,237.75,291.4213,108.0,2021-06-26 00:00:00
2021-06-30 18:00:00,47.5,237.75,296.97076,114.0,2021-06-26 00:00:00
2021-07-01 00:00:00,47.5,237.75,301.73154,120.0,2021-06-26 00:00:00
2021-07-01 06:00:00,47.5,237.75,294.84473,126.0,2021-06-26 00:00:00
2021-07-01 12:00:00,47.5,237.75,291.7828,132.0,2021-06-26 00:00:00
2021-07-01 18:00:00,47.5,237.75,297.14722,138.0,2021-06-26 00:00:00
2021-07-02 00:00:00,47.5,237.75,299.86765,144.0,2021-06-26 00:00:00
2021-07-02 06:00:00,47.5,237.75,292.79645,150.0,2021-06-26 00:00:00
2021-07-02 12:00:00,47.5,237.75,289.9498,156.0,2021-06-26 00:00:00
2021-07-02 18:00:00,47.5,237.75,294.1665,162.0,2021-06-26 00:00:00
2021-07-03 00:00:00,47.5,237.75,297.299,168.0,2021-06-26 00:00:00
2021-07-03 06:00:00,47.5,237.75,291.48212,174.0,2021-06-26 00:00:00
2021-07-03 12:00:00,47.5,237.75,289.54828,180.0,2021-06-26 00:00:00
2021-07-03 18:00:00,47.5,237.75,295.06198,186.0,2021-06-26 00:00:00
2021-07-04 00:00:00,47.5,237.75,298.962,192.0,2021-06-26 00:00:00
2021-07-04 06:00:00,47.5,237.75,292.6325,198.0,2021-06-26 00:00:00
2021-07-04 12:00:00,47.5,237.75,290.8078,204.0,2021-06-26 00:00:00
2021-07-04 18:00:00,47.5,237.75,296.92355,210.0,2021-06-26 00:00:00
2021-07-05 00:00:00,47.5,237.75,299.58954,216.0,2021-06-26 00:00:00
2021-07-05 06:00:00,47.5,237.75,293.15643,222.0,2021-06-26 00:00:00
2021-07-05 12:00:00,47.5,237.75,290.1673,228.0,2021-06-26 00:00:00
2021-07-05 18:00:00,47.5,237.75,294.4853,234.0,2021-06-26 00:00:00
2021-07-06 00:00:00,47.5,237.75,295.8091,240.0,2021-06-26 00:00:00
2021-06-26 12:00:00,47.5,237.75,293.30234,0.0,2021-06-26 12:00:00
2021-06-26 18:00:00,47.5,237.75,299.95755,6.0,2021-06-26 12:00:00
2021-06-27 00:00:00,47.5,237.75,304.1581,12.0,2021-06-26 12:00:00
2021-06-27 06:00:00,47.5,237.75,297.24133,18.0,2021-06-26 12:00:00
2021-06-27 12:00:00,47.5,237.75,294.61914,24.0,2021-06-26 12:00:00
2021-06-27 18:00:00,47.5,237.75,302.96164,30.0,2021-06-26 12:00:00
2021-06-28 00:00:00,47.5,237.75,307.22668,36.0,2021-06-26 12:00:00
2021-06-28 06:00:00,47.5,237.75,298.91205,42.0,2021-06-26 12:00:00
2021-06-28 12:00:00,47.5,237.75,296.97757,48.0,2021-06-26 12:00:00
2021-06-28 18:00:00,47.5,237.75,307.12155,54.0,2021-06-26 12:00:00
2021-06-29 00:00:00,47.5,237.75,310.40924,60.0,2021-06-26 12:00:00
2021-06-29 06:00:00,47.5,237.75,301.93033,66.0,2021-06-26 12:00:00
2021-06-29 12:00:00,47.5,237.75,293.50607,72.0,2021-06-26 12:00:00
2021-06-29 18:00:00,47.5,237.75,298.14185,78.0,2021-06-26 12:00:00
2021-06-30 00:00:00,47.5,237.75,302.21555,84.0,2021-06-26 12:00:00
2021-06-30 06:00:00,47.5,237.75,295.5777,90.0,2021-06-26 12:00:00
2021-06-30 12:00:00,47.5,237.75,291.57477,96.0,2021-06-26 12:00:00
2021-06-30 18:00:00,47.5,237.75,296.37354,102.0,2021-06-26 12:00:00
2021-07-01 00:00:00,47.5,237.75,300.07477,108.0,2021-06-26 12:00:00
2021-07-01 06:00:00,47.5,237.75,294.43674,114.0,2021-06-26 12:00:00
2021-07-01 12:00:00,47.5,237.75,290.87375,120.0,2021-06-26 12:00:00
2021-07-01 18:00:00,47.5,237.75,296.46933,126.0,2021-06-26 12:00:00
2021-07-02 00:00:00,47.5,237.75,300.39935,132.0,2021-06-26 12:00:00
2021-07-02 06:00:00,47.5,237.75,293.96976,138.0,2021-06-26 12:00:00
2021-07-02 12:00:00,47.5,237.75,289.33893,144.0,2021-06-26 12:00:00
2021-07-02 18:00:00,47.5,237.75,294.84732,150.0,2021-06-26 12:00:00
2021-07-03 00:00:00,47.5,237.75,299.49564,156.0,2021-06-26 12:00:00
2021-07-03 06:00:00,47.5,237.75,293.36295,162.0,2021-06-26 12:00:00
2021-07-03 12:00:00,47.5,237.75,289.09808,168.0,2021-06-26 12:00:00
2021-07-03 18:00:00,47.5,237.75,294.96976,174.0,2021-06-26 12:00:00
2021-07-04 00:00:00,47.5,237.75,299.4863,180.0,2021-06-26 12:00:00
2021-07-04 06:00:00,47.5,237.75,293.50513,186.0,2021-06-26 12:00:00
2021-07-04 12:00:00,47.5,237.75,289.12796,192.0,2021-06-26 12:00:00
2021-07-04 18:00:00,47.5,237.75,293.86856,198.0,2021-06-26 12:00:00
2021-07-05 00:00:00,47.5,237.75,298.30865,204.0,2021-06-26 12:00:00
2021-07-05 06:00:00,47.5,237.75,292.79227,210.0,2021-06-26 12:00:00
2021-07-05 12:00:00,47.5,237.75,288.54327,216.0,2021-06-26 12:00:00
2021-07-05 18:00:00,47.5,237.75,293.79932,222.0,2021-06-26 12:00:00
2021-07-06 00:00:00,47.5,237.75,298.02673,228.0,2021-06-26 12:00:00
2021-07-06 06:00:00,47.5,237.75,292.4402,234.0,2021-06-26 12:00:00
2021-07-06 12:00:00,47.5,237.75,288.99588,240.0,2021-06-26 12:00:00
2021-06-27 00:00:00,47.5,237.75,311.45132,0.0,2021-06-27 00:00:00
2021-06-27 06:00:00,47.5,237.75,300.89468,6.0,2021-06-27 00:00:00
2021-06-27 12:00:00,47.5,237.75,295.5555,12.0,2021-06-27 00:00:00
2021-06-27 18:00:00,47.5,237.75,304.2273,18.0,2021-06-27 00:00:00
2021-06-28 00:00:00,47.5,237.75,314.7777,24.0,2021-06-27 00:00:00
2021-06-28 06:00:00,47.5,237.75,302.57184,30.0,2021-06-27 00:00:00
2021-06-28 12:00:00,47.5,237.75,297.27182,36.0,2021-06-27 00:00:00
2021-06-28 18:00:00,47.5,237.75,308.05365,42.0,2021-06-27 00:00:00
2021-06-29 00:00:00,47.5,237.75,314.13528,48.0,2021-06-27 00:00:00
2021-06-29 06:00:00,47.5,237.75,303.01587,54.0,2021-06-27 00:00:00
2021-06-29 12:00:00,47.5,237.75,295.71353,60.0,2021-06-27 00:00:00
2021-06-29 18:00:00,47.5,237.75,300.02844,66.0,2021-06-27 00:00:00
2021-06-30 00:00:00,47.5,237.75,305.19177,72.0,2021-06-27 00:00:00
2021-06-30 06:00:00,47.5,237.75,295.55023,78.0,2021-06-27 00:00:00
2021-06-30 12:00:00,47.5,237.75,291.926,84.0,2021-06-27 00:00:00
2021-06-30 18:00:00,47.5,237.75,296.06085,90.0,2021-06-27 00:00:00
2021-07-01 00:00:00,47.5,237.75,300.65176,96.0,2021-06-27 00:00:00
2021-07-01 06:00:00,47.5,237.75,294.0483,102.0,2021-06-27 00:00:00
2021-07-01 12:00:00,47.5,237.75,291.0043,108.0,2021-06-27 00:00:00
2021-07-01 18:00:00,47.5,237.75,296.1178,114.0,2021-06-27 00:00:00
2021-07-02 00:00:00,47.5,237.75,299.71106,120.0,2021-06-27 00:00:00
2021-07-02 06:00:00,47.5,237.75,293.31314,126.0,2021-06-27 00:00:00
2021-07-02 12:00:00,47.5,237.75,290.7456,132.0,2021-06-27 00:00:00
2021-07-02 18:00:00,47.5,237.75,293.55676,138.0,2021-06-27 00:00:00
2021-07-03 00:00:00,47.5,237.75,297.20486,144.0,2021-06-27 00:00:00
2021-07-03 06:00:00,47.5,237.75,291.94244,150.0,2021-06-27 00:00:00
2021-07-03 12:00:00,47.5,237.75,290.01648,156.0,2021-06-27 00:00:00
2021-07-03 18:00:00,47.5,237.75,294.91785,162.0,2021-06-27 00:00:00
2021-07-04 00:00:00,47.5,237.75,298.81094,168.0,2021-06-27 00:00:00
2021-07-04 06:00:00,47.5,237.75,293.19766,174.0,2021-06-27 00:00:00
2021-07-04 12:00:00,47.5,237.75,290.99243,180.0,2021-06-27 00:00:00
2021-07-04 18:00:00,47.5,237.75,293.79755,186.0,2021-06-27 00:00:00
2021-07-05 00:00:00,47.5,237.75,295.04257,192.0,2021-06-27 00:00:00
2021-07-05 06:00:00,47.5,237.75,290.68665,198.0,2021-06-27 00:00:00
2021-07-05 12:00:00,47.5,237.75,288.96198,204.0,2021-06-27 00:00:00
2021-07-05 18:00:00,47.5,237.75,290.90125,210.0,2021-06-27 00:00:00
2021-07-06 00:00:00,47.5,237.75,291.58563,216.0,2021-06-27 00:00:00
2021-07-06 06:00:00,47.5,237.75,289.16394,222.0,2021-06-27 00:00:00
2021-07-06 12:00:00,47.5,237.75,288.47974,228.0,2021-06-27 00:00:00
2021-07-06 18:00:00,47.5,237.75,291.66528,234.0,2021-06-27 00:00:00
2021-07-07 00:00:00,47.5,237.75,292.9492,240.0,2021-06-27 00:00:00
2021-06-27 12:00:00,47.5,237.75,295.3288,0.0,2021-06-27 12:00:00
2021-06-27 18:00:00,47.5,237.75,301.95578,6.0,2021-06-27 12:00:00
2021-06-28 00:00:00,47.5,237.75,306.79135,12.0,2021-06-27 12:00:00
2021-06-28 06:00:00,47.5,237.75,298.56256,18.0,2021-06-27 12:00:00
2021-06-28 12:00:00,47.5,237.75,297.2653,24.0,2021-06-27 12:00:00
2021-06-28 18:00:00,47.5,237.75,306.71786,30.0,2021-06-27 12:00:00
2021-06-29 00:00:00,47.5,237.75,310.16974,36.0,2021-06-27 12:00:00
2021-06-29 06:00:00,47.5,237.75,301.36597,42.0,2021-06-27 12:00:00
2021-06-29 12:00:00,47.5,237.75,294.59003,48.0,2021-06-27 12:00:00
2021-06-29 18:00:00,47.5,237.75,299.79156,54.0,2021-06-27 12:00:00
2021-06-30 00:00:00,47.5,237.75,303.21564,60.0,2021-06-27 12:00:00
2021-06-30 06:00:00,47.5,237.75,295.46088,66.0,2021-06-27 12:00:00
2021-06-30 12:00:00,47.5,237.75,292.0696,72.0,2021-06-27 12:00:00
2021-06-30 18:00:00,47.5,237.75,295.24442,78.0,2021-06-27 12:00:00
2021-07-01 00:00:00,47.5,237.75,298.82367,84.0,2021-06-27 12:00:00
2021-07-01 06:00:00,47.5,237.75,293.31088,90.0,2021-06-27 12:00:00
2021-07-01 12:00:00,47.5,237.75,290.0749,96.0,2021-06-27 12:00:00
2021-07-01 18:00:00,47.5,237.75,294.2221,102.0,2021-06-27 12:00:00
2021-07-02 00:00:00,47.5,237.75,297.66354,108.0,2021-06-27 12:00:00
2021-07-02 06:00:00,47.5,237.75,292.20697,114.0,2021-06-27 12:00:00
2021-07-02 12:00:00,47.5,237.75,288.7784,120.0,2021-06-27 12:00:00
2021-07-02 18:00:00,47.5,237.75,294.63342,126.0,2021-06-27 12:00:00
2021-07-03 00:00:00,47.5,237.75,298.50995,132.0,2021-06-27 12:00:00
2021-07-03 06:00:00,47.5,237.75,292.72574,138.0,2021-06-27 12:00:00
2021-07-03 12:00:00,47.5,237.75,288.99203,144.0,2021-06-27 12:00:00
2021-07-03 18:00:00,47.5,237.75,294.34747,150.0,2021-06-27 12:00:00
2021-07-04 00:00:00,47.5,237.75,298.73892,156.0,2021-06-27 12:00:00
2021-07-04 06:00:00,47.5,237.75,292.75937,162.0,2021-06-27 12:00:00
2021-07-04 12:00:00,47.5,237.75,288.79053,168.0,2021-06-27 12:00:00
2021-07-04 18:00:00,47.5,237.75,292.97507,174.0,2021-06-27 12:00:00
2021-07-05 00:00:00,47.5,237.75,296.803,180.0,2021-06-27 12:00:00
2021-07-05 06:00:00,47.5,237.75,291.60995,186.0,2021-06-27 12:00:00
2021-07-05 12:00:00,47.5,237.75,288.43362,192.0,2021-06-27 12:00:00
2021-07-05 18:00:00,47.5,237.75,291.7153,198.0,2021-06-27 12:00:00
2021-07-06 00:00:00,47.5,237.75,295.5843,204.0,2021-06-27 12:00:00
2021-07-06 06:00:00,47.5,237.75,290.1447,210.0,2021-06-27 12:00:00
2021-07-06 12:00:00,47.5,237.75,287.3895,216.0,2021-06-27 12:00:00
2021-07-06 18:00:00,47.5,237.75,292.41617,222.0,2021-06-27 12:00:00
2021-07-07 00:00:00,47.5,237.75,296.14423,228.0,2021-06-27 12:00:00
2021-07-07 06:00:00,47.5,237.75,290.37167,234.0,2021-06-27 12:00:00
2021-07-07 12:00:00,47.5,237.75,286.88358,240.0,2021-06-27 12:00:00
2021-06-28 00:00:00,47.5,237.75,316.35126,0.0,2021-06-28 00:00:00
2021-06-28 06:00:00,47.5,237.75,301.96332,6.0,2021-06-28 00:00:00
2021-06-28 12:00:00,47.5,237.75,296.1602,12.0,2021-06-28 00:00:00
2021-06-28 18:00:00,47.5,237.75,306.8117,18.0,2021-06-28 00:00:00
2021-06-29 00:00:00,47.5,237.75,315.8935,24.0,2021-06-28 00:00:00
2021-06-29 06:00:00,47.5,237.75,304.19467,30.0,2021-06-28 00:00:00
2021-06-29 12:00:00,47.5,237.75,296.10773,36.0,2021-06-28 00:00:00
2021-06-29 18:00:00,47.5,237.75,300.22775,42.0,2021-06-28 00:00:00
2021-06-30 00:00:00,47.5,237.75,306.9379,48.0,2021-06-28 00:00:00
2021-06-30 06:00:00,47.5,237.75,295.65082,54.0,2021-06-28 00:00:00
2021-06-30 12:00:00,47.5,237.75,291.67865,60.0,2021-06-28 00:00:00
2021-06-30 18:00:00,47.5,237.75,294.68512,66.0,2021-06-28 00:00:00
2021-07-01 00:00:00,47.5,237.75,298.41055,72.0,2021-06-28 00:00:00
2021-07-01 06:00:00,47.5,237.75,292.4486,78.0,2021-06-28 00:00:00
2021-07-01 12:00:00,47.5,237.75,290.0043,84.0,2021-06-28 00:00:00
2021-07-01 18:00:00,47.5,237.75,292.86044,90.0,2021-06-28 00:00:00
2021-07-02 00:00:00,47.5,237.75,297.0964,96.0,2021-06-28 00:00:00
2021-07-02 06:00:00,47.5,237.75,291.6306,102.0,2021-06-28 00:00:00
2021-07-02 12:00:00,47.5,237.75,289.51022,108.0,2021-06-28 00:00:00
2021-07-02 18:00:00,47.5,237.75,293.27795,114.0,2021-06-28 00:00:00
2021-07-03 00:00:00,47.5,237.75,296.72748,120.0,2021-06-28 00:00:00
2021-07-03 06:00:00,47.5,237.75,291.77554,126.0,2021-06-28 00:00:00
2021-07-03 12:00:00,47.5,237.75,289.85062,132.0,2021-06-28 00:00:00
2021-07-03 18:00:00,47.5,237.75,292.7841,138.0,2021-06-28 00:00:00
2021-07-04 00:00:00,47.5,237.75,295.2891,144.0,2021-06-28 00:00:00
2021-07-04 06:00:00,47.5,237.75,290.66943,150.0,2021-06-28 00:00:00
2021-07-04 12:00:00,47.5,237.75,288.68222,156.0,2021-06-28 00:00:00
2021-07-04 18:00:00,47.5,237.75,291.96475,162.0,2021-06-28 00:00:00
2021-07-05 00:00:00,47.5,237.75,293.61047,168.0,2021-06-28 00:00:00
2021-07-05 06:00:00,47.5,237.75,289.5876,174.0,2021-06-28 00:00:00
2021-07-05 12:00:00,47.5,237.75,287.83325,180.0,2021-06-28 00:00:00
2021-07-05 18:00:00,47.5,237.75,291.02283,186.0,2021-06-28 00:00:00
2021-07-06 00:00:00,47.5,237.75,291.3755,192.0,2021-06-28 00:00:00
2021-07-06 06:00:00,47.5,237.75,287.76666,198.0,2021-06-28 00:00:00
2021-07-06 12:00:00,47.5,237.75,286.34576,204.0,2021-06-28 00:00:00
2021-07-06 18:00:00,47.5,237.75,290.0603,210.0,2021-06-28 00:00:00
2021-07-07 00:00:00,47.5,237.75,291.1023,216.0,2021-06-28 00:00:00
2021-07-07 06:00:00,47.5,237.75,288.3089,222.0,2021-06-28 00:00:00
2021-07-07 12:00:00,47.5,237.75,287.36584,228.0,2021-06-28 00:00:00
2021-07-07 18:00:00,47.5,237.75,289.7864,234.0,2021-06-28 00:00:00
2021-07-08 00:00:00,47.5,237.75,290.19553,240.0,2021-06-28 00:00:00
2021-06-28 12:00:00,47.5,237.75,297.93768,0.0,2021-06-28 12:00:00
2021-06-28 18:00:00,47.5,237.75,305.17322,6.0,2021-06-28 12:00:00
2021-06-29 00:00:00,47.5,237.75,308.4399,12.0,2021-06-28 12:00:00
2021-06-29 06:00:00,47.5,237.75,300.48657,18.0,2021-06-28 12:00:00
2021-06-29 12:00:00,47.5,237.75,294.00134,24.0,2021-06-28 12:00:00
2021-06-29 18:00:00,47.5,237.75,298.68817,30.0,2021-06-28 12:00:00
2021-06-30 00:00:00,47.5,237.75,302.0612,36.0,2021-06-28 12:00:00
2021-06-30 06:00:00,47.5,237.75,294.66473,42.0,2021-06-28 12:00:00
2021-06-30 12:00:00,47.5,237.75,291.61557,48.0,2021-06-28 12:00:00
2021-06-30 18:00:00,47.5,237.75,294.73004,54.0,2021-06-28 12:00:00
2021-07-01 00:00:00,47.5,237.75,298.4157,60.0,2021-06-28 12:00:00
2021-07-01 06:00:00,47.5,237.75,292.87207,66.0,2021-06-28 12:00:00
2021-07-01 12:00:00,47.5,237.75,289.84183,72.0,2021-06-28 12:00:00
2021-07-01 18:00:00,47.5,237.75,293.27222,78.0,2021-06-28 12:00:00
2021-07-02 00:00:00,47.5,237.75,296.8586,84.0,2021-06-28 12:00:00
2021-07-02 06:00:00,47.5,237.75,291.65927,90.0,2021-06-28 12:00:00
2021-07-02 12:00:00,47.5,237.75,288.6015,96.0,2021-06-28 12:00:00
2021-07-02 18:00:00,47.5,237.75,293.25433,102.0,2021-06-28 12:00:00
2021-07-03 00:00:00,47.5,237.75,297.36078,108.0,2021-06-28 12:00:00
2021-07-03 06:00:00,47.5,237.75,291.7787,114.0,2021-06-28 12:00:00
2021-07-03 12:00:00,47.5,237.75,288.74805,120.0,2021-06-28 12:00:00
2021-07-03 18:00:00,47.5,237.75,293.82523,126.0,2021-06-28 12:00:00
2021-07-04 00:00:00,47.5,237.75,298.05862,132.0,2021-06-28 12:00:00
2021-07-04 06:00:00,47.5,237.75,292.6694,138.0,2021-06-28 12:00:00
2021-07-04 12:00:00,47.5,237.75,290.22665,144.0,2021-06-28 12:00:00
2021-07-04 18:00:00,47.5,237.75,292.46136,150.0,2021-06-28 12:00:00
2021-07-05 00:00:00,47.5,237.75,296.3009,156.0,2021-06-28 12:00:00
2021-07-05 06:00:00,47.5,237.75,291.3323,162.0,2021-06-28 12:00:00
2021-07-05 12:00:00,47.5,237.75,288.80563,168.0,2021-06-28 12:00:00
2021-07-05 18:00:00,47.5,237.75,293.17523,174.0,2021-06-28 12:00:00
2021-07-06 00:00:00,47.5,237.75,296.21695,180.0,2021-06-28 12:00:00
2021-07-06 06:00:00,47.5,237.75,290.81345,186.0,2021-06-28 12:00:00
2021-07-06 12:00:00,47.5,237.75,288.6501,192.0,2021-06-28 12:00:00
2021-07-06 18:00:00,47.5,237.75,291.70795,198.0,2021-06-28 12:00:00
2021-07-07 00:00:00,47.5,237.75,294.2564,204.0,2021-06-28 12:00:00
2021-07-07 06:00:00,47.5,237.75,289.40732,210.0,2021-06-28 12:00:00
2021-07-07 12:00:00,47.5,237.75,287.6756,216.0,2021-06-28 12:00:00
2021-07-07 18:00:00,47.5,237.75,291.81955,222.0,2021-06-28 12:00:00
2021-07-08 00:00:00,47.5,237.75,294.38297,228.0,2021-06-28 12:00:00
2021-07-08 06:00:00,47.5,237.75,290.00098,234.0,2021-06-28 12:00:00
2021-07-08 12:00:00,47.5,237.75,288.96292,240.0,2021-06-28 12:00:00
2021-06-29 00:00:00,47.5,237.75,318.6849,0.0,2021-06-29 00:00:00
2021-06-29 06:00:00,47.5,237.75,305.2514,6.0,2021-06-29 00:00:00
2021-06-29 12:00:00,47.5,237.75,296.25793,12.0,2021-06-29 00:00:00
2021-06-29 18:00:00,47.5,237.75,299.40256,18.0,2021-06-29 00:00:00
2021-06-30 00:00:00,47.5,237.75,308.6334,24.0,2021-06-29 00:00:00
2021-06-30 06:00:00,47.5,237.75,296.29272,30.0,2021-06-29 00:00:00
2021-06-30 12:00:00,47.5,237.75,292.05548,36.0,2021-06-29 00:00:00
2021-06-30 18:00:00,47.5,237.75,295.58942,42.0,2021-06-29 00:00:00
2021-07-01 00:00:00,47.5,237.75,300.0135,48.0,2021-06-29 00:00:00
2021-07-01 06:00:00,47.5,237.75,292.98233,54.0,2021-06-29 00:00:00
2021-07-01 12:00:00,47.5,237.75,289.9861,60.0,2021-06-29 00:00:00
2021-07-01 18:00:00,47.5,237.75,294.03302,66.0,2021-06-29 00:00:00
2021-07-02 00:00:00,47.5,237.75,299.11917,72.0,2021-06-29 00:00:00
2021-07-02 06:00:00,47.5,237.75,292.72623,78.0,2021-06-29 00:00:00
2021-07-02 12:00:00,47.5,237.75,290.0985,84.0,2021-06-29 00:00:00
2021-07-02 18:00:00,47.5,237.75,294.83685,90.0,2021-06-29 00:00:00
2021-07-03 00:00:00,47.5,237.75,299.49683,96.0,2021-06-29 00:00:00
2021-07-03 06:00:00,47.5,237.75,293.0685,102.0,2021-06-29 00:00:00
2021-07-03 12:00:00,47.5,237.75,290.41983,108.0,2021-06-29 00:00:00
2021-07-03 18:00:00,47.5,237.75,295.20453,114.0,2021-06-29 00:00:00
2021-07-04 00:00:00,47.5,237.75,299.31946,120.0,2021-06-29 00:00:00
2021-07-04 06:00:00,47.5,237.75,292.85336,126.0,2021-06-29 00:00:00
2021-07-04 12:00:00,47.5,237.75,289.98697,132.0,2021-06-29 00:00:00
2021-07-04 18:00:00,47.5,237.75,295.7524,138.0,2021-06-29 00:00:00
2021-07-05 00:00:00,47.5,237.75,300.48788,144.0,2021-06-29 00:00:00
2021-07-05 06:00:00,47.5,237.75,293.43375,150.0,2021-06-29 00:00:00
2021-07-05 12:00:00,47.5,237.75,290.55997,156.0,2021-06-29 00:00:00
2021-07-05 18:00:00,47.5,237.75,296.50705,162.0,2021-06-29 00:00:00
2021-07-06 00:00:00,47.5,237.75,298.42065,168.0,2021-06-29 00:00:00
2021-07-06 06:00:00,47.5,237.75,292.41147,174.0,2021-06-29 00:00:00
2021-07-06 12:00:00,47.5,237.75,290.18228,180.0,2021-06-29 00:00:00
2021-07-06 18:00:00,47.5,237.75,291.71146,186.0,2021-06-29 00:00:00
2021-07-07 00:00:00,47.5,237.75,291.58875,192.0,2021-06-29 00:00:00
2021-07-07 06:00:00,47.5,237.75,288.21863,198.0,2021-06-29 00:00:00
2021-07-07 12:00:00,47.5,237.75,287.3603,204.0,2021-06-29 00:00:00
2021-07-07 18:00:00,47.5,237.75,291.27637,210.0,2021-06-29 00:00:00
2021-07-08 00:00:00,47.5,237.75,292.2799,216.0,2021-06-29 00:00:00
2021-07-08 06:00:00,47.5,237.75,288.69836,222.0,2021-06-29 00:00:00
2021-07-08 12:00:00,47.5,237.75,287.62726,228.0,2021-06-29 00:00:00
2021-07-08 18:00:00,47.5,237.75,290.43668,234.0,2021-06-29 00:00:00
2021-07-09 00:00:00,47.5,237.75,294.3297,240.0,2021-06-29 00:00:00
2021-06-29 12:00:00,47.5,237.75,292.0745,0.0,2021-06-29 12:00:00
2021-06-29 18:00:00,47.5,237.75,296.01016,6.0,2021-06-29 12:00:00
2021-06-30 00:00:00,47.5,237.75,300.16534,12.0,2021-06-29 12:00:00
2021-06-30 06:00:00,47.5,237.75,293.80878,18.0,2021-06-29 12:00:00
2021-06-30 12:00:00,47.5,237.75,290.73257,24.0,2021-06-29 12:00:00
2021-06-30 18:00:00,47.5,237.75,294.25354,30.0,2021-06-29 12:00:00
2021-07-01 00:00:00,47.5,237.75,297.9155,36.0,2021-06-29 12:00:00
2021-07-01 06:00:00,47.5,237.75,292.61618,42.0,2021-06-29 12:00:00
2021-07-01 12:00:00,47.5,237.75,289.95514,48.0,2021-06-29 12:00:00
2021-07-01 18:00:00,47.5,237.75,292.92667,54.0,2021-06-29 12:00:00
2021-07-02 00:00:00,47.5,237.75,295.98517,60.0,2021-06-29 12:00:00
2021-07-02 06:00:00,47.5,237.75,291.47626,66.0,2021-06-29 12:00:00
2021-07-02 12:00:00,47.5,237.75,289.31873,72.0,2021-06-29 12:00:00
2021-07-02 18:00:00,47.5,237.75,293.57718,78.0,2021-06-29 12:00:00
2021-07-03 00:00:00,47.5,237.75,297.3882,84.0,2021-06-29 12:00:00
2021-07-03 06:00:00,47.5,237.75,292.14902,90.0,2021-06-29 12:00:00
2021-07-03 12:00:00,47.5,237.75,289.31702,96.0,2021-06-29 12:00:00
2021-07-03 18:00:00,47.5,237.75,294.32175,102.0,2021-06-29 12:00:00
2021-07-04 00:00:00,47.5,237.75,298.55438,108.0,2021-06-29 12:00:00
2021-07-04 06:00:00,47.5,237.75,293.06946,114.0,2021-06-29 12:00:00
2021-07-04 12:00:00,47.5,237.75,289.1355,120.0,2021-06-29 12:00:00
2021-07-04 18:00:00,47.5,237.75,294.96683,126.0,2021-06-29 12:00:00
2021-07-05 00:00:00,47.5,237.75,299.52905,132.0,2021-06-29 12:00:00
2021-07-05 06:00:00,47.5,237.75,292.92505,138.0,2021-06-29 12:00:00
2021-07-05 12:00:00,47.5,237.75,289.06412,144.0,2021-06-29 12:00:00
2021-07-05 18:00:00,47.5,237.75,296.22195,150.0,2021-06-29 12:00:00
2021-07-06 00:00:00,47.5,237.75,299.8655,156.0,2021-06-29 12:00:00
2021-07-06 06:00:00,47.5,237.75,294.29318,162.0,2021-06-29 12:00:00
2021-07-06 12:00:00,47.5,237.75,289.86194,168.0,2021-06-29 12:00:00
2021-07-06 18:00:00,47.5,237.75,294.0298,174.0,2021-06-29 12:00:00
2021-07-07 00:00:00,47.5,237.75,298.1573,180.0,2021-06-29 12:00:00
2021-07-07 06:00:00,47.5,237.75,292.2185,186.0,2021-06-29 12:00:00
2021-07-07 12:00:00,47.5,237.75,288.4453,192.0,2021-06-29 12:00:00
2021-07-07 18:00:00,47.5,237.75,292.1191,198.0,2021-06-29 12:00:00
2021-07-08 00:00:00,47.5,237.75,296.5816,204.0,2021-06-29 12:00:00
2021-07-08 06:00:00,47.5,237.75,290.84525,210.0,2021-06-29 12:00:00
2021-07-08 12:00:00,47.5,237.75,287.48035,216.0,2021-06-29 12:00:00
2021-07-08 18:00:00,47.5,237.75,292.588,222.0,2021-06-29 12:00:00
2021-07-09 00:00:00,47.5,237.75,296.6532,228.0,2021-06-29 12:00:00
2021-07-09 06:00:00,47.5,237.75,290.92697,234.0,2021-06-29 12:00:00
2021-07-09 12:00:00,47.5,237.75,287.6031,240.0,2021-06-29 12:00:00
2021-06-30 00:00:00,47.5,237.75,305.25928,0.0,2021-06-30 00:00:00
2021-06-30 06:00:00,47.5,237.75,295.22687,6.0,2021-06-30 00:00:00
2021-06-30 12:00:00,47.5,237.75,291.84302,12.0,2021-06-30 00:00:00
2021-06-30 18:00:00,47.5,237.75,295.3231,18.0,2021-06-30 00:00:00
2021-07-01 00:00:00,47.5,237.75,297.6313,24.0,2021-06-30 00:00:00
2021-07-01 06:00:00,47.5,237.75,292.1466,30.0,2021-06-30 00:00:00
2021-07-01 12:00:00,47.5,237.75,290.09647,36.0,2021-06-30 00:00:00
2021-07-01 18:00:00,47.5,237.75,292.98087,42.0,2021-06-30 00:00:00
2021-07-02 00:00:00,47.5,237.75,295.56625,48.0,2021-06-30 00:00:00
2021-07-02 06:00:00,47.5,237.75,291.16452,54.0,2021-06-30 00:00:00
2021-07-02 12:00:00,47.5,237.75,289.0645,60.0,2021-06-30 00:00:00
2021-07-02 18:00:00,47.5,237.75,293.4713,66.0,2021-06-30 00:00:00
2021-07-03 00:00:00,47.5,237.75,297.13815,72.0,2021-06-30 00:00:00
2021-07-03 06:00:00,47.5,237.75,291.49423,78.0,2021-06-30 00:00:00
2021-07-03 12:00:00,47.5,237.75,289.2417,84.0,2021-06-30 00:00:00
2021-07-03 18:00:00,47.5,237.75,293.823,90.0,2021-06-30 00:00:00
2021-07-04 00:00:00,47.5,237.75,297.68747,96.0,2021-06-30 00:00:00
2021-07-04 06:00:00,47.5,237.75,292.00705,102.0,2021-06-30 00:00:00
2021-07-04 12:00:00,47.5,237.75,289.5898,108.0,2021-06-30 00:00:00
2021-07-04 18:00:00,47.5,237.75,293.6886,114.0,2021-06-30 00:00:00
2021-07-05 00:00:00,47.5,237.75,297.03705,120.0,2021-06-30 00:00:00
2021-07-05 06:00:00,47.5,237.75,291.169,126.0,2021-06-30 00:00:00
2021-07-05 12:00:00,47.5,237.75,288.59265,132.0,2021-06-30 00:00:00
2021-07-05 18:00:00,47.5,237.75,294.11517,138.0,2021-06-30 00:00:00
2021-07-06 00:00:00,47.5,237.75,298.2088,144.0,2021-06-30 00:00:00
2021-07-06 06:00:00,47.5,237.75,291.5505,150.0,2021-06-30 00:00:00
2021-07-06 12:00:00,47.5,237.75,288.7628,156.0,2021-06-30 00:00:00
2021-07-06 18:00:00,47.5,237.75,295.069,162.0,2021-06-30 00:00:00
2021-07-07 00:00:00,47.5,237.75,297.32574,168.0,2021-06-30 00:00:00
2021-07-07 06:00:00,47.5,237.75,290.75125,174.0,2021-06-30 00:00:00
2021-07-07 12:00:00,47.5,237.75,288.5116,180.0,2021-06-30 00:00:00
2021-07-07 18:00:00,47.5,237.75,292.08997,186.0,2021-06-30 00:00:00
2021-07-08 00:00:00,47.5,237.75,293.5645,192.0,2021-06-30 00:00:00
2021-07-08 06:00:00,47.5,237.75,288.59863,198.0,2021-06-30 00:00:00
2021-07-08 12:00:00,47.5,237.75,286.32663,204.0,2021-06-30 00:00:00
2021-07-08 18:00:00,47.5,237.75,293.08273,210.0,2021-06-30 00:00:00
2021-07-09 00:00:00,47.5,237.75,296.4234,216.0,2021-06-30 00:00:00
2021-07-09 06:00:00,47.5,237.75,290.33328,222.0,2021-06-30 00:00:00
2021-07-09 12:00:00,47.5,237.75,288.38745,228.0,2021-06-30 00:00:00
2021-07-09 18:00:00,47.5,237.75,292.86548,234.0,2021-06-30 00:00:00
2021-07-10 00:00:00,47.5,237.75,295.56555,240.0,2021-06-30 00:00:00
2021-06-30 12:00:00,47.5,237.75,288.89822,0.0,2021-06-30 12:00:00
2021-06-30 18:00:00,47.5,237.75,292.6038,6.0,2021-06-30 12:00:00
2021-07-01 00:00:00,47.5,237.75,296.59445,12.0,2021-06-30 12:00:00
2021-07-01 06:00:00,47.5,237.75,292.68915,18.0,2021-06-30 12:00:00
2021-07-01 12:00:00,47.5,237.75,289.7819,24.0,2021-06-30 12:00:00
2021-07-01 18:00:00,47.5,237.75,292.24094,30.0,2021-06-30 12:00:00
2021-07-02 00:00:00,47.5,237.75,294.44638,36.0,2021-06-30 12:00:00
2021-07-02 06:00:00,47.5,237.75,291.31204,42.0,2021-06-30 12:00:00
2021-07-02 12:00:00,47.5,237.75,289.68256,48.0,2021-06-30 12:00:00
2021-07-02 18:00:00,47.5,237.75,292.87366,54.0,2021-06-30 12:00:00
2021-07-03 00:00:00,47.5,237.75,295.86917,60.0,2021-06-30 12:00:00
2021-07-03 06:00:00,47.5,237.75,291.25436,66.0,2021-06-30 12:00:00
2021-07-03 12:00:00,47.5,237.75,289.22897,72.0,2021-06-30 12:00:00
2021-07-03 18:00:00,47.5,237.75,293.11398,78.0,2021-06-30 12:00:00
2021-07-04 00:00:00,47.5,237.75,296.74945,84.0,2021-06-30 12:00:00
2021-07-04 06:00:00,47.5,237.75,291.93372,90.0,2021-06-30 12:00:00
2021-07-04 12:00:00,47.5,237.75,289.05814,96.0,2021-06-30 12:00:00
2021-07-04 18:00:00,47.5,237.75,292.74994,102.0,2021-06-30 12:00:00
2021-07-05 00:00:00,47.5,237.75,296.73044,108.0,2021-06-30 12:00:00
2021-07-05 06:00:00,47.5,237.75,291.75766,114.0,2021-06-30 12:00:00
2021-07-05 12:00:00,47.5,237.75,288.80133,120.0,2021-06-30 12:00:00
2021-07-05 18:00:00,47.5,237.75,292.79364,126.0,2021-06-30 12:00:00
2021-07-06 00:00:00,47.5,237.75,296.8036,132.0,2021-06-30 12:00:00
2021-07-06 06:00:00,47.5,237.75,291.29987,138.0,2021-06-30 12:00:00
2021-07-06 12:00:00,47.5,237.75,288.31906,144.0,2021-06-30 12:00:00
2021-07-06 18:00:00,47.5,237.75,292.06445,150.0,2021-06-30 12:00:00
2021-07-07 00:00:00,47.5,237.75,295.76038,156.0,2021-06-30 12:00:00
2021-07-07 06:00:00,47.5,237.75,290.52283,162.0,2021-06-30 12:00:00
2021-07-07 12:00:00,47.5,237.75,287.45645,168.0,2021-06-30 12:00:00
2021-07-07 18:00:00,47.5,237.75,291.69366,174.0,2021-06-30 12:00:00
2021-07-08 00:00:00,47.5,237.75,295.3661,180.0,2021-06-30 12:00:00
2021-07-08 06:00:00,47.5,237.75,290.2214,186.0,2021-06-30 12:00:00
2021-07-08 12:00:00,47.5,237.75,287.8915,192.0,2021-06-30 12:00:00
2021-07-08 18:00:00,47.5,237.75,291.81015,198.0,2021-06-30 12:00:00
2021-07-09 00:00:00,47.5,237.75,295.26785,204.0,2021-06-30 12:00:00
2021-07-09 06:00:00,47.5,237.75,290.85675,210.0,2021-06-30 12:00:00
2021-07-09 12:00:00,47.5,237.75,288.35287,216.0,2021-06-30 12:00:00
2021-07-09 18:00:00,47.5,237.75,293.93668,222.0,2021-06-30 12:00:00
2021-07-10 00:00:00,47.5,237.75,297.8959,228.0,2021-06-30 12:00:00
2021-07-10 06:00:00,47.5,237.75,291.6174,234.0,2021-06-30 12:00:00
2021-07-10 12:00:00,47.5,237.75,289.54614,240.0,2021-06-30 12:00:00
2021-07-01 00:00:00,47.5,237.75,299.73428,0.0,2021-07-01 00:00:00
2021-07-01 06:00:00,47.5,237.75,293.5951,6.0,2021-07-01 00:00:00
2021-07-01 12:00:00,47.5,237.75,291.34598,12.0,2021-07-01 00:00:00
2021-07-01 18:00:00,47.5,237.75,293.45728,18.0,2021-07-01 00:00:00
2021-07-02 00:00:00,47.5,237.75,295.75998,24.0,2021-07-01 00:00:00
2021-07-02 06:00:00,47.5,237.75,291.99295,30.0,2021-07-01 00:00:00
2021-07-02 12:00:00,47.5,237.75,290.20438,36.0,2021-07-01 00:00:00
2021-07-02 18:00:00,47.5,237.75,293.42703,42.0,2021-07-01 00:00:00
2021-07-03 00:00:00,47.5,237.75,296.5386,48.0,2021-07-01 00:00:00
2021-07-03 06:00:00,47.5,237.75,291.57745,54.0,2021-07-01 00:00:00
2021-07-03 12:00:00,47.5,237.75,289.26993,60.0,2021-07-01 00:00:00
2021-07-03 18:00:00,47.5,237.75,293.98804,66.0,2021-07-01 00:00:00
2021-07-04 00:00:00,47.5,237.75,297.98373,72.0,2021-07-01 00:00:00
2021-07-04 06:00:00,47.5,237.75,292.61105,78.0,2021-07-01 00:00:00
2021-07-04 12:00:00,47.5,237.75,290.38577,84.0,2021-07-01 00:00:00
2021-07-04 18:00:00,47.5,237.75,294.00885,90.0,2021-07-01 00:00:00
2021-07-05 00:00:00,47.5,237.75,296.97397,96.0,2021-07-01 00:00:00
2021-07-05 06:00:00,47.5,237.75,291.5404,102.0,2021-07-01 00:00:00
2021-07-05 12:00:00,47.5,237.75,289.22626,108.0,2021-07-01 00:00:00
2021-07-05 18:00:00,47.5,237.75,293.04175,114.0,2021-07-01 00:00:00
2021-07-06 00:00:00,47.5,237.75,295.915,120.0,2021-07-01 00:00:00
2021-07-06 06:00:00,47.5,237.75,290.67154,126.0,2021-07-01 00:00:00
2021-07-06 12:00:00,47.5,237.75,288.3446,132.0,2021-07-01 00:00:00
2021-07-06 18:00:00,47.5,237.75,292.24786,138.0,2021-07-01 00:00:00
2021-07-07 00:00:00,47.5,237.75,293.8839,144.0,2021-07-01 00:00:00
2021-07-07 06:00:00,47.5,237.75,289.2279,150.0,2021-07-01 00:00:00
2021-07-07 12:00:00,47.5,237.75,287.24274,156.0,2021-07-01 00:00:00
2021-07-07 18:00:00,47.5,237.75,292.2539,162.0,2021-07-01 00:00:00
2021-07-08 00:00:00,47.5,237.75,295.68292,168.0,2021-07-01 00:00:00
2021-07-08 06:00:00,47.5,237.75,289.8468,174.0,2021-07-01 00:00:00
2021-07-08 12:00:00,47.5,237.75,287.68698,180.0,2021-07-01 00:00:00
2021-07-08 18:00:00,47.5,237.75,293.9576,186.0,2021-07-01 00:00:00
2021-07-09 00:00:00,47.5,237.75,297.40454,192.0,2021-07-01 00:00:00
2021-07-09 06:00:00,47.5,237.75,290.86517,198.0,2021-07-01 00:00:00
2021-07-09 12:00:00,47.5,237.75,288.6389,204.0,2021-07-01 00:00:00
2021-07-09 18:00:00,47.5,237.75,291.5752,210.0,2021-07-01 00:00:00
2021-07-10 00:00:00,47.5,237.75,292.16595,216.0,2021-07-01 00:00:00
2021-07-10 06:00:00,47.5,237.75,289.61362,222.0,2021-07-01 00:00:00
2021-07-10 12:00:00,47.5,237.75,288.6336,228.0,2021-07-01 00:00:00
2021-07-10 18:00:00,47.5,237.75,293.0615,234.0,2021-07-01 00:00:00
2021-07-11 00:00:00,47.5,237.75,294.67014,240.0,2021-07-01 00:00:00
2021-07-01 12:00:00,47.5,237.75,290.99664,0.0,2021-07-01 12:00:00
2021-07-01 18:00:00,47.5,237.75,292.4289,6.0,2021-07-01 12:00:00
2021-07-02 00:00:00,47.5,237.75,294.437,12.0,2021-07-01 12:00:00
2021-07-02 06:00:00,47.5,237.75,291.15546,18.0,2021-07-01 12:00:00
2021-07-02 12:00:00,47.5,237.75,289.844,24.0,2021-07-01 12:00:00
2021-07-02 18:00:00,47.5,237.75,292.88617,30.0,2021-07-01 12:00:00
2021-07-03 00:00:00,47.5,237.75,295.9591,36.0,2021-07-01 12:00:00
2021-07-03 06:00:00,47.5,237.75,291.12753,42.0,2021-07-01 12:00:00
2021-07-03 12:00:00,47.5,237.75,288.90906,48.0,2021-07-01 12:00:00
2021-07-03 18:00:00,47.5,237.75,293.81873,54.0,2021-07-01 12:00:00
2021-07-04 00:00:00,47.5,237.75,297.69226,60.0,2021-07-01 12:00:00
2021-07-04 06:00:00,47.5,237.75,292.56152,66.0,2021-07-01 12:00:00
2021-07-04 12:00:00,47.5,237.75,288.8358,72.0,2021-07-01 12:00:00
2021-07-04 18:00:00,47.5,237.75,293.30743,78.0,2021-07-01 12:00:00
2021-07-05 00:00:00,47.5,237.75,297.55194,84.0,2021-07-01 12:00:00
2021-07-05 06:00:00,47.5,237.75,292.05432,90.0,2021-07-01 12:00:00
2021-07-05 12:00:00,47.5,237.75,288.2312,96.0,2021-07-01 12:00:00
2021-07-05 18:00:00,47.5,237.75,293.48303,102.0,2021-07-01 12:00:00
2021-07-06 00:00:00,47.5,237.75,297.89426,108.0,2021-07-01 12:00:00
2021-07-06 06:00:00,47.5,237.75,291.69485,114.0,2021-07-01 12:00:00
2021-07-06 12:00:00,47.5,237.75,288.32504,120.0,2021-07-01 12:00:00
2021-07-06 18:00:00,47.5,237.75,294.19574,126.0,2021-07-01 12:00:00
2021-07-07 00:00:00,47.5,237.75,297.41125,132.0,2021-07-01 12:00:00
2021-07-07 06:00:00,47.5,237.75,291.81766,138.0,2021-07-01 12:00:00
2021-07-07 12:00:00,47.5,237.75,288.16534,144.0,2021-07-01 12:00:00
2021-07-07 18:00:00,47.5,237.75,291.6676,150.0,2021-07-01 12:00:00
2021-07-08 00:00:00,47.5,237.75,295.66266,156.0,2021-07-01 12:00:00
2021-07-08 06:00:00,47.5,237.75,290.06067,162.0,2021-07-01 12:00:00
2021-07-08 12:00:00,47.5,237.75,287.01288,168.0,2021-07-01 12:00:00
2021-07-08 18:00:00,47.5,237.75,291.7941,174.0,2021-07-01 12:00:00
2021-07-09 00:00:00,47.5,237.75,295.12277,180.0,2021-07-01 12:00:00
2021-07-09 06:00:00,47.5,237.75,289.16226,186.0,2021-07-01 12:00:00
2021-07-09 12:00:00,47.5,237.75,287.57373,192.0,2021-07-01 12:00:00
2021-07-09 18:00:00,47.5,237.75,288.5289,198.0,2021-07-01 12:00:00
2021-07-10 00:00:00,47.5,237.75,291.41132,204.0,2021-07-01 12:00:00
2021-07-10 06:00:00,47.5,237.75,288.38885,210.0,2021-07-01 12:00:00
2021-07-10 12:00:00,47.5,237.75,286.87753,216.0,2021-07-01 12:00:00
2021-07-10 18:00:00,47.5,237.75,293.0965,222.0,2021-07-01 12:00:00
2021-07-11 00:00:00,47.5,237.75,296.18646,228.0,2021-07-01 12:00:00
2021-07-11 06:00:00,47.5,237.75,290.40134,234.0,2021-07-01 12:00:00
2021-07-11 12:00:00,47.5,237.75,288.3225,240.0,2021-07-01 12:00:00
2021-07-02 00:00:00,47.5,237.75,296.5003,0.0,2021-07-02 00:00:00
2021-07-02 06:00:00,47.5,237.75,292.37488,6.0,2021-07-02 00:00:00
2021-07-02 12:00:00,47.5,237.75,290.23495,12.0,2021-07-02 00:00:00
2021-07-02 18:00:00,47.5,237.75,293.76575,18.0,2021-07-02 00:00:00
2021-07-03 00:00:00,47.5,237.75,297.66803,24.0,2021-07-02 00:00:00
2021-07-03 06:00:00,47.5,237.75,292.2863,30.0,2021-07-02 00:00:00
2021-07-03 12:00:00,47.5,237.75,289.7581,36.0,2021-07-02 00:00:00
2021-07-03 18:00:00,47.5,237.75,294.35327,42.0,2021-07-02 00:00:00
2021-07-04 00:00:00,47.5,237.75,298.3289,48.0,2021-07-02 00:00:00
2021-07-04 06:00:00,47.5,237.75,292.67654,54.0,2021-07-02 00:00:00
2021-07-04 12:00:00,47.5,237.75,290.16776,60.0,2021-07-02 00:00:00
2021-07-04 18:00:00,47.5,237.75,293.7561,66.0,2021-07-02 00:00:00
2021-07-05 00:00:00,47.5,237.75,296.80905,72.0,2021-07-02 00:00:00
2021-07-05 06:00:00,47.5,237.75,291.3115,78.0,2021-07-02 00:00:00
2021-07-05 12:00:00,47.5,237.75,289.0483,84.0,2021-07-02 00:00:00
2021-07-05 18:00:00,47.5,237.75,293.0911,90.0,2021-07-02 00:00:00
2021-07-06 00:00:00,47.5,237.75,296.67484,96.0,2021-07-02 00:00:00
2021-07-06 06:00:00,47.5,237.75,290.70728,102.0,2021-07-02 00:00:00
2021-07-06 12:00:00,47.5,237.75,288.2468,108.0,2021-07-02 00:00:00
2021-07-06 18:00:00,47.5,237.75,294.65164,114.0,2021-07-02 00:00:00
2021-07-07 00:00:00,47.5,237.75,298.62192,120.0,2021-07-02 00:00:00
2021-07-07 06:00:00,47.5,237.75,292.0623,126.0,2021-07-02 00:00:00
2021-07-07 12:00:00,47.5,237.75,289.65543,132.0,2021-07-02 00:00:00
2021-07-07 18:00:00,47.5,237.75,294.28738,138.0,2021-07-02 00:00:00
2021-07-08 00:00:00,47.5,237.75,296.47464,144.0,2021-07-02 00:00:00
2021-07-08 06:00:00,47.5,237.75,290.53082,150.0,2021-07-02 00:00:00
2021-07-08 12:00:00,47.5,237.75,288.4408,156.0,2021-07-02 00:00:00
2021-07-08 18:00:00,47.5,237.75,293.63104,162.0,2021-07-02 00:00:00
2021-07-09 00:00:00,47.5,237.75,296.9367,168.0,2021-07-02 00:00:00
2021-07-09 06:00:00,47.5,237.75,290.75864,174.0,2021-07-02 00:00:00
2021-07-09 12:00:00,47.5,237.75,288.5232,180.0,2021-07-02 00:00:00
2021-07-09 18:00:00,47.5,237.75,292.48282,186.0,2021-07-02 00:00:00
2021-07-10 00:00:00,47.5,237.75,294.96445,192.0,2021-07-02 00:00:00
2021-07-10 06:00:00,47.5,237.75,289.27905,198.0,2021-07-02 00:00:00
2021-07-10 12:00:00,47.5,237.75,287.13202,204.0,2021-07-02 00:00:00
2021-07-10 18:00:00,47.5,237.75,294.36942,210.0,2021-07-02 00:00:00
2021-07-11 00:00:00,47.5,237.75,298.31424,216.0,2021-07-02 00:00:00
2021-07-11 06:00:00,47.5,237.75,291.4349,222.0,2021-07-02 00:00:00
2021-07-11 12:00:00,47.5,237.75,289.21082,228.0,2021-07-02 00:00:00
2021-07-11 18:00:00,47.5,237.75,296.353,234.0,2021-07-02 00:00:00
2021-07-12 00:00:00,47.5,237.75,299.89172,240.0,2021-07-02 00:00:00
2021-07-02 12:00:00,47.5,237.75,287.66388,0.0,2021-07-02 12:00:00
2021-07-02 18:00:00,47.5,237.75,291.53842,6.0,2021-07-02 12:00:00
2021-07-03 00:00:00,47.5,237.75,295.48096,12.0,2021-07-02 12:00:00
2021-07-03 06:00:00,47.5,237.75,290.97583,18.0,2021-07-02 12:00:00
2021-07-03 12:00:00,47.5,237.75,288.028,24.0,2021-07-02 12:00:00
2021-07-03 18:00:00,47.5,237.75,292.67062,30.0,2021-07-02 12:00:00
2021-07-04 00:00:00,47.5,237.75,296.45914,36.0,2021-07-02 12:00:00
2021-07-04 06:00:00,47.5,237.75,291.65582,42.0,2021-07-02 12:00:00
2021-07-04 12:00:00,47.5,237.75,288.4827,48.0,2021-07-02 12:00:00
2021-07-04 18:00:00,47.5,237.75,292.26178,54.0,2021-07-02 12:00:00
2021-07-05 00:00:00,47.5,237.75,296.20035,60.0,2021-07-02 12:00:00
2021-07-05 06:00:00,47.5,237.75,291.23572,66.0,2021-07-02 12:00:00
2021-07-05 12:00:00,47.5,237.75,288.17737,72.0,2021-07-02 12:00:00
2021-07-05 18:00:00,47.5,237.75,292.7784,78.0,2021-07-02 12:00:00
2021-07-06 00:00:00,47.5,237.75,297.0663,84.0,2021-07-02 12:00:00
2021-07-06 06:00:00,47.5,237.75,291.12457,90.0,2021-07-02 12:00:00
2021-07-06 12:00:00,47.5,237.75,288.1461,96.0,2021-07-02 12:00:00
2021-07-06 18:00:00,47.5,237.75,294.64075,102.0,2021-07-02 12:00:00
2021-07-07 00:00:00,47.5,237.75,298.1754,108.0,2021-07-02 12:00:00
2021-07-07 06:00:00,47.5,237.75,292.45404,114.0,2021-07-02 12:00:00
2021-07-07 12:00:00,47.5,237.75,289.30823,120.0,2021-07-02 12:00:00
2021-07-07 18:00:00,47.5,237.75,291.85168,126.0,2021-07-02 12:00:00
2021-07-08 00:00:00,47.5,237.75,295.58066,132.0,2021-07-02 12:00:00
2021-07-08 06:00:00,47.5,237.75,289.95053,138.0,2021-07-02 12:00:00
2021-07-08 12:00:00,47.5,237.75,287.16818,144.0,2021-07-02 12:00:00
2021-07-08 18:00:00,47.5,237.75,292.31534,150.0,2021-07-02 12:00:00
2021-07-09 00:00:00,47.5,237.75,296.3249,156.0,2021-07-02 12:00:00
2021-07-09 06:00:00,47.5,237.75,290.6019,162.0,2021-07-02 12:00:00
2021-07-09 12:00:00,47.5,237.75,288.22488,168.0,2021-07-02 12:00:00
2021-07-09 18:00:00,47.5,237.75,291.44553,174.0,2021-07-02 12:00:00
2021-07-10 00:00:00,47.5,237.75,294.84158,180.0,2021-07-02 12:00:00
2021-07-10 06:00:00,47.5,237.75,289.29175,186.0,2021-07-02 12:00:00
2021-07-10 12:00:00,47.5,237.75,287.02216,192.0,2021-07-02 12:00:00
2021-07-10 18:00:00,47.5,237.75,294.03772,198.0,2021-07-02 12:00:00
2021-07-11 00:00:00,47.5,237.75,297.58344,204.0,2021-07-02 12:00:00
2021-07-11 06:00:00,47.5,237.75,291.78748,210.0,2021-07-02 12:00:00
2021-07-11 12:00:00,47.5,237.75,288.55667,216.0,2021-07-02 12:00:00
2021-07-11 18:00:00,47.5,237.75,295.10883,222.0,2021-07-02 12:00:00
2021-07-12 00:00:00,47.5,237.75,298.43652,228.0,2021-07-02 12:00:00
2021-07-12 06:00:00,47.5,237.75,292.09122,234.0,2021-07-02 12:00:00
2021-07-12 12:00:00,47.5,237.75,289.31747,240.0,2021-07-02 12:00:00
2021-07-03 00:00:00,47.5,237.75,300.48087,0.0,2021-07-03 00:00:00
2021-07-03 06:00:00,47.5,237.75,294.1678,6.0,2021-07-03 00:00:00
2021-07-03 12:00:00,47.5,237.75,290.75375,12.0,2021-07-03 00:00:00
2021-07-03 18:00:00,47.5,237.75,294.73688,18.0,2021-07-03 00:00:00
2021-07-04 00:00:00,47.5,237.75,299.6956,24.0,2021-07-03 00:00:00
2021-07-04 06:00:00,47.5,237.75,293.39178,30.0,2021-07-03 00:00:00
2021-07-04 12:00:00,47.5,237.75,290.1113,36.0,2021-07-03 00:00:00
2021-07-04 18:00:00,47.5,237.75,293.2476,42.0,2021-07-03 00:00:00
2021-07-05 00:00:00,47.5,237.75,297.26505,48.0,2021-07-03 00:00:00
2021-07-05 06:00:00,47.5,237.75,291.52267,54.0,2021-07-03 00:00:00
2021-07-05 12:00:00,47.5,237.75,288.9775,60.0,2021-07-03 00:00:00
2021-07-05 18:00:00,47.5,237.75,293.2183,66.0,2021-07-03 00:00:00
2021-07-06 00:00:00,47.5,237.75,297.39368,72.0,2021-07-03 00:00:00
2021-07-06 06:00:00,47.5,237.75,291.05997,78.0,2021-07-03 00:00:00
2021-07-06 12:00:00,47.5,237.75,288.2778,84.0,2021-07-03 00:00:00
2021-07-06 18:00:00,47.5,237.75,294.63364,90.0,2021-07-03 00:00:00
2021-07-07 00:00:00,47.5,237.75,299.28186,96.0,2021-07-03 00:00:00
2021-07-07 06:00:00,47.5,237.75,292.54492,102.0,2021-07-03 00:00:00
2021-07-07 12:00:00,47.5,237.75,289.85532,108.0,2021-07-03 00:00:00
2021-07-07 18:00:00,47.5,237.75,292.65204,114.0,2021-07-03 00:00:00
2021-07-08 00:00:00,47.5,237.75,294.18292,120.0,2021-07-03 00:00:00
2021-07-08 06:00:00,47.5,237.75,289.11862,126.0,2021-07-03 00:00:00
2021-07-08 12:00:00,47.5,237.75,287.02255,132.0,2021-07-03 00:00:00
2021-07-08 18:00:00,47.5,237.75,292.79895,138.0,2021-07-03 00:00:00
2021-07-09 00:00:00,47.5,237.75,295.4411,144.0,2021-07-03 00:00:00
2021-07-09 06:00:00,47.5,237.75,289.79974,150.0,2021-07-03 00:00:00
2021-07-09 12:00:00,47.5,237.75,288.09708,156.0,2021-07-03 00:00:00
2021-07-09 18:00:00,47.5,237.75,292.25656,162.0,2021-07-03 00:00:00
2021-07-10 00:00:00,47.5,237.75,294.7867,168.0,2021-07-03 00:00:00
2021-07-10 06:00:00,47.5,237.75,288.9387,174.0,2021-07-03 00:00:00
2021-07-10 12:00:00,47.5,237.75,287.0224,180.0,2021-07-03 00:00:00
2021-07-10 18:00:00,47.5,237.75,294.3084,186.0,2021-07-03 00:00:00
2021-07-11 00:00:00,47.5,237.75,298.3808,192.0,2021-07-03 00:00:00
2021-07-11 06:00:00,47.5,237.75,291.45233,198.0,2021-07-03 00:00:00
2021-07-11 12:00:00,47.5,237.75,289.42825,204.0,2021-07-03 00:00:00
2021-07-11 18:00:00,47.5,237.75,296.35107,210.0,2021-07-03 00:00:00
2021-07-12 00:00:00,47.5,237.75,299.87442,216.0,2021-07-03 00:00:00
2021-07-12 06:00:00,47.5,237.75,292.2102,222.0,2021-07-03 00:00:00
2021-07-12 12:00:00,47.5,237.75,290.48193,228.0,2021-07-03 00:00:00
2021-07-12 18:00:00,47.5,237.75,298.19107,234.0,2021-07-03 00:00:00
2021-07-13 00:00:00,47.5,237.75,301.80154,240.0,2021-07-03 00:00:00
2021-07-03 12:00:00,47.5,237.75,288.2028,0.0,2021-07-03 12:00:00
2021-07-03 18:00:00,47.5,237.75,291.79214,6.0,2021-07-03 12:00:00
2021-07-04 00:00:00,47.5,237.75,296.34872,12.0,2021-07-03 12:00:00
2021-07-04 06:00:00,47.5,237.75,291.785,18.0,2021-07-03 12:00:00
2021-07-04 12:00:00,47.5,237.75,288.27625,24.0,2021-07-03 12:00:00
2021-07-04 18:00:00,47.5,237.75,291.93863,30.0,2021-07-03 12:00:00
2021-07-05 00:00:00,47.5,237.75,295.84854,36.0,2021-07-03 12:00:00
2021-07-05 06:00:00,47.5,237.75,291.10498,42.0,2021-07-03 12:00:00
2021-07-05 12:00:00,47.5,237.75,288.03998,48.0,2021-07-03 12:00:00
2021-07-05 18:00:00,47.5,237.75,292.31607,54.0,2021-07-03 12:00:00
2021-07-06 00:00:00,47.5,237.75,296.56943,60.0,2021-07-03 12:00:00
2021-07-06 06:00:00,47.5,237.75,290.78937,66.0,2021-07-03 12:00:00
2021-07-06 12:00:00,47.5,237.75,287.63162,72.0,2021-07-03 12:00:00
2021-07-06 18:00:00,47.5,237.75,293.87402,78.0,2021-07-03 12:00:00
2021-07-07 00:00:00,47.5,237.75,297.76172,84.0,2021-07-03 12:00:00
2021-07-07 06:00:00,47.5,237.75,291.8069,90.0,2021-07-03 12:00:00
2021-07-07 12:00:00,47.5,237.75,288.69794,96.0,2021-07-03 12:00:00
2021-07-07 18:00:00,47.5,237.75,291.4637,102.0,2021-07-03 12:00:00
2021-07-08 00:00:00,47.5,237.75,294.8503,108.0,2021-07-03 12:00:00
2021-07-08 06:00:00,47.5,237.75,289.34122,114.0,2021-07-03 12:00:00
2021-07-08 12:00:00,47.5,237.75,287.44385,120.0,2021-07-03 12:00:00
2021-07-08 18:00:00,47.5,237.75,290.9604,126.0,2021-07-03 12:00:00
2021-07-09 00:00:00,47.5,237.75,294.46353,132.0,2021-07-03 12:00:00
2021-07-09 06:00:00,47.5,237.75,289.0424,138.0,2021-07-03 12:00:00
2021-07-09 12:00:00,47.5,237.75,286.66583,144.0,2021-07-03 12:00:00
2021-07-09 18:00:00,47.5,237.75,293.0921,150.0,2021-07-03 12:00:00
2021-07-10 00:00:00,47.5,237.75,296.4582,156.0,2021-07-03 12:00:00
2021-07-10 06:00:00,47.5,237.75,290.7679,162.0,2021-07-03 12:00:00
2021-07-10 12:00:00,47.5,237.75,287.9849,168.0,2021-07-03 12:00:00
2021-07-10 18:00:00,47.5,237.75,294.9946,174.0,2021-07-03 12:00:00
2021-07-11 00:00:00,47.5,237.75,298.6526,180.0,2021-07-03 12:00:00
2021-07-11 06:00:00,47.5,237.75,291.7337,186.0,2021-07-03 12:00:00
2021-07-11 12:00:00,47.5,237.75,289.32935,192.0,2021-07-03 12:00:00
2021-07-11 18:00:00,47.5,237.75,297.11807,198.0,2021-07-03 12:00:00
2021-07-12 00:00:00,47.5,237.75,300.8984,204.0,2021-07-03 12:00:00
2021-07-12 06:00:00,47.5,237.75,293.05957,210.0,2021-07-03 12:00:00
2021-07-12 12:00:00,47.5,237.75,291.29153,216.0,2021-07-03 12:00:00
2021-07-12 18:00:00,47.5,237.75,300.01514,222.0,2021-07-03 12:00:00
2021-07-13 00:00:00,47.5,237.75,303.31104,228.0,2021-07-03 12:00:00
2021-07-13 06:00:00,47.5,237.75,294.71118,234.0,2021-07-03 12:00:00
2021-07-13 12:00:00,47.5,237.75,291.887,240.0,2021-07-03 12:00:00
