time,latitude,longitude,t2,fhour
2024-06-15 00:00:00,47.5,0.0,284.41776,0.0
2024-06-15 06:00:00,47.5,0.0,284.8254,6.0
2024-06-15 12:00:00,47.5,0.0,288.8409,12.0
2024-06-15 18:00:00,47.5,0.0,288.29312,18.0
2024-06-16 00:00:00,47.5,0.0,286.43826,24.0
2024-06-16 06:00:00,47.5,0.0,286.8816,30.0
2024-06-16 12:00:00,47.5,0.0,290.734,36.0
2024-06-16 18:00:00,47.5,0.0,290.47668,42.0
2024-06-17 00:00:00,47.5,0.0,288.0205,48.0
2024-06-17 06:00:00,47.5,0.0,288.43582,54.0
2024-06-17 12:00:00,47.5,0.0,292.55322,60.0
2024-06-17 18:00:00,47.5,0.0,293.22586,66.0
2024-06-18 00:00:00,47.5,0.0,289.49573,72.0
2024-06-18 06:00:00,47.5,0.0,289.55243,78.0
2024-06-18 12:00:00,47.5,0.0,295.01514,84.0
2024-06-18 18:00:00,47.5,0.0,295.0763,90.0
2024-06-19 00:00:00,47.5,0.0,291.38693,96.0
2024-06-19 06:00:00,47.5,0.0,290.96143,102.0
2024-06-19 12:00:00,47.5,0.0,295.71072,108.0
2024-06-19 18:00:00,47.5,0.0,296.2458,114.0
2024-06-20 00:00:00,47.5,0.0,291.8838,120.0
2024-06-20 06:00:00,47.5,0.0,289.65182,126.0
2024-06-20 12:00:00,47.5,0.0,294.19727,132.0
2024-06-20 18:00:00,47.5,0.0,294.5616,138.0
2024-06-21 00:00:00,47.5,0.0,290.77036,144.0
2024-06-21 06:00:00,47.5,0.0,289.29257,150.0
2024-06-21 12:00:00,47.5,0.0,291.04553,156.0
2024-06-21 18:00:00,47.5,0.0,291.55002,162.0
2024-06-22 00:00:00,47.5,0.0,288.1664,168.0
2024-06-22 06:00:00,47.5,0.0,288.1384,174.0
2024-06-22 12:00:00,47.5,0.0,292.35773,180.0
2024-06-22 18:00:00,47.5,0.0,293.27496,186.0
2024-06-23 00:00:00,47.5,0.0,288.91296,192.0
2024-06-23 06:00:00,47.5,0.0,288.61487,198.0
2024-06-23 12:00:00,47.5,0.0,291.79465,204.0
2024-06-23 18:00:00,47.5,0.0,290.20477,210.0
2024-06-24 00:00:00,47.5,0.0,287.31036,216.0
2024-06-24 06:00:00,47.5,0.0,287.23712,222.0
2024-06-24 12:00:00,47.5,0.0,291.25262,228.0
2024-06-24 18:00:00,47.5,0.0,292.06796,234.0
2024-06-25 00:00:00,47.5,0.0,288.09323,240.0
2024-06-15 12:00:00,47.5,0.0,287.72073,0.0
2024-06-15 18:00:00,47.5,0.0,288.2838,6.0
2024-06-16 00:00:00,47.5,0.0,286.3678,12.0
2024-06-16 06:00:00,47.5,0.0,287.04553,18.0
2024-06-16 12:00:00,47.5,0.0,290.32724,24.0
2024-06-16 18:00:00,47.5,0.0,290.51068,30.0
2024-06-17 00:00:00,47.5,0.0,287.98315,36.0
2024-06-17 06:00:00,47.5,0.0,288.4214,42.0
2024-06-17 12:00:00,47.5,0.0,292.82416,48.0
2024-06-17 18:00:00,47.5,0.0,293.80255,54.0
2024-06-18 00:00:00,47.5,0.0,290.07242,60.0
2024-06-18 06:00:00,47.5,0.0,290.06415,66.0
2024-06-18 12:00:00,47.5,0.0,295.97528,72.0
2024-06-18 18:00:00,47.5,0.0,295.98166,78.0
2024-06-19 00:00:00,47.5,0.0,292.14963,84.0
2024-06-19 06:00:00,47.5,0.0,291.66043,90.0
2024-06-19 12:00:00,47.5,0.0,296.91928,96.0
2024-06-19 18:00:00,47.5,0.0,296.89954,102.0
2024-06-20 00:00:00,47.5,0.0,292.29294,108.0
2024-06-20 06:00:00,47.5,0.0,291.30435,114.0
2024-06-20 12:00:00,47.5,0.0,295.42175,120.0
2024-06-20 18:00:00,47.5,0.0,294.09683,126.0
2024-06-21 00:00:00,47.5,0.0,289.6329,132.0
2024-06-21 06:00:00,47.5,0.0,288.25705,138.0
2024-06-21 12:00:00,47.5,0.0,293.00635,144.0
2024-06-21 18:00:00,47.5,0.0,292.28784,150.0
2024-06-22 00:00:00,47.5,0.0,288.0889,156.0
2024-06-22 06:00:00,47.5,0.0,288.19208,162.0
2024-06-22 12:00:00,47.5,0.0,293.57324,168.0
2024-06-22 18:00:00,47.5,0.0,291.5655,174.0
2024-06-23 00:00:00,47.5,0.0,287.97806,180.0
2024-06-23 06:00:00,47.5,0.0,287.00986,186.0
2024-06-23 12:00:00,47.5,0.0,290.27118,192.0
2024-06-23 18:00:00,47.5,0.0,290.7094,198.0
2024-06-24 00:00:00,47.5,0.0,287.30542,204.0
2024-06-24 06:00:00,47.5,0.0,286.81876,210.0
2024-06-24 12:00:00,47.5,0.0,291.52728,216.0
2024-06-24 18:00:00,47.5,0.0,292.18973,222.0
2024-06-25 00:00:00,47.5,0.0,288.29654,228.0
2024-06-25 06:00:00,47.5,0.0,287.6876,234.0
2024-06-25 12:00:00,47.5,0.0,291.1935,240.0
2024-06-16 00:00:00,47.5,0.0,284.09982,0.0
2024-06-16 06:00:00,47.5,0.0,286.46426,6.0
2024-06-16 12:00:00,47.5,0.0,290.0517,12.0
2024-06-16 18:00:00,47.5,0.0,290.56638,18.0
2024-06-17 00:00:00,47.5,0.0,287.8758,24.0
2024-06-17 06:00:00,47.5,0.0,288.4134,30.0
2024-06-17 12:00:00,47.5,0.0,292.7754,36.0
2024-06-17 18:00:00,47.5,0.0,293.58054,42.0
2024-06-18 00:00:00,47.5,0.0,290.0135,48.0
2024-06-18 06:00:00,47.5,0.0,289.95044,54.0
2024-06-18 12:00:00,47.5,0.0,295.1074,60.0
2024-06-18 18:00:00,47.5,0.0,295.11566,66.0
2024-06-19 00:00:00,47.5,0.0,291.46707,72.0
2024-06-19 06:00:00,47.5,0.0,291.26068,78.0
2024-06-19 12:00:00,47.5,0.0,296.68262,84.0
2024-06-19 18:00:00,47.5,0.0,297.12595,90.0
2024-06-20 00:00:00,47.5,0.0,292.5805,96.0
2024-06-20 06:00:00,47.5,0.0,291.7397,102.0
2024-06-20 12:00:00,47.5,0.0,294.65448,108.0
2024-06-20 18:00:00,47.5,0.0,293.1767,114.0
2024-06-21 00:00:00,47.5,0.0,288.89624,120.0
2024-06-21 06:00:00,47.5,0.0,288.44272,126.0
2024-06-21 12:00:00,47.5,0.0,293.04932,132.0
2024-06-21 18:00:00,47.5,0.0,292.26965,138.0
2024-06-22 00:00:00,47.5,0.0,287.8465,144.0
2024-06-22 06:00:00,47.5,0.0,287.62482,150.0
2024-06-22 12:00:00,47.5,0.0,292.476,156.0
2024-06-22 18:00:00,47.5,0.0,294.443,162.0
2024-06-23 00:00:00,47.5,0.0,290.24405,168.0
2024-06-23 06:00:00,47.5,0.0,289.3472,174.0
2024-06-23 12:00:00,47.5,0.0,292.30276,180.0
2024-06-23 18:00:00,47.5,0.0,290.4683,186.0
2024-06-24 00:00:00,47.5,0.0,287.14584,192.0
2024-06-24 06:00:00,47.5,0.0,287.35733,198.0
2024-06-24 12:00:00,47.5,0.0,292.37158,204.0
2024-06-24 18:00:00,47.5,0.0,293.0595,210.0
2024-06-25 00:00:00,47.5,0.0,288.7994,216.0
2024-06-25 06:00:00,47.5,0.0,288.6994,222.0
2024-06-25 12:00:00,47.5,0.0,292.97986,228.0
2024-06-25 18:00:00,47.5,0.0,293.55823,234.0
2024-06-26 00:00:00,47.5,0.0,289.88925,240.0
2024-06-16 12:00:00,47.5,0.0,288.9461,0.0
2024-06-16 18:00:00,47.5,0.0,290.75003,6.0
2024-06-17 00:00:00,47.5,0.0,288.2225,12.0
2024-06-17 06:00:00,47.5,0.0,288.6964,18.0
2024-06-17 12:00:00,47.5,0.0,293.52722,24.0
2024-06-17 18:00:00,47.5,0.0,293.83807,30.0
2024-06-18 00:00:00,47.5,0.0,290.25064,36.0
2024-06-18 06:00:00,47.5,0.0,290.26944,42.0
2024-06-18 12:00:00,47.5,0.0,295.38562,48.0
2024-06-18 18:00:00,47.5,0.0,294.6671,54.0
2024-06-19 00:00:00,47.5,0.0,291.10007,60.0
2024-06-19 06:00:00,47.5,0.0,290.68475,66.0
2024-06-19 12:00:00,47.5,0.0,294.33334,72.0
2024-06-19 18:00:00,47.5,0.0,295.29645,78.0
2024-06-20 00:00:00,47.5,0.0,291.6071,84.0
2024-06-20 06:00:00,47.5,0.0,290.00702,90.0
2024-06-20 12:00:00,47.5,0.0,294.77667,96.0
2024-06-20 18:00:00,47.5,0.0,294.72763,102.0
2024-06-21 00:00:00,47.5,0.0,290.9771,108.0
2024-06-21 06:00:00,47.5,0.0,289.5605,114.0
2024-06-21 12:00:00,47.5,0.0,292.31223,120.0
2024-06-21 18:00:00,47.5,0.0,290.8752,126.0
2024-06-22 00:00:00,47.5,0.0,288.2254,132.0
2024-06-22 06:00:00,47.5,0.0,287.80246,138.0
2024-06-22 12:00:00,47.5,0.0,291.47144,144.0
2024-06-22 18:00:00,47.5,0.0,290.90326,150.0
2024-06-23 00:00:00,47.5,0.0,288.9057,156.0
2024-06-23 06:00:00,47.5,0.0,288.73755,162.0
2024-06-23 12:00:00,47.5,0.0,291.9581,168.0
2024-06-23 18:00:00,47.5,0.0,292.74796,174.0
2024-06-24 00:00:00,47.5,0.0,290.037,180.0
2024-06-24 06:00:00,47.5,0.0,289.7822,186.0
2024-06-24 12:00:00,47.5,0.0,293.3085,192.0
2024-06-24 18:00:00,47.5,0.0,294.49582,198.0
2024-06-25 00:00:00,47.5,0.0,291.39758,204.0
2024-06-25 06:00:00,47.5,0.0,290.8294,210.0
2024-06-25 12:00:00,47.5,0.0,295.61945,216.0
2024-06-25 18:00:00,47.5,0.0,296.96472,222.0
2024-06-26 00:00:00,47.5,0.0,291.767,228.0
2024-06-26 06:00:00,47.5,0.0,292.43964,234.0
2024-06-26 12:00:00,47.5,0.0,300.06296,240.0
2024-06-17 00:00:00,47.5,0.0,287.1026,0.0
2024-06-17 06:00:00,47.5,0.0,288.081,6.0
2024-06-17 12:00:00,47.5,0.0,293.4214,12.0
2024-06-17 18:00:00,47.5,0.0,293.42902,18.0
2024-06-18 00:00:00,47.5,0.0,289.94348,24.0
2024-06-18 06:00:00,47.5,0.0,290.0938,30.0
2024-06-18 12:00:00,47.5,0.0,295.55652,36.0
2024-06-18 18:00:00,47.5,0.0,294.32333,42.0
2024-06-19 00:00:00,47.5,0.0,290.69513,48.0
2024-06-19 06:00:00,47.5,0.0,289.80338,54.0
2024-06-19 12:00:00,47.5,0.0,293.18698,60.0
2024-06-19 18:00:00,47.5,0.0,294.53226,66.0
2024-06-20 00:00:00,47.5,0.0,290.5983,72.0
2024-06-20 06:00:00,47.5,0.0,289.30396,78.0
2024-06-20 12:00:00,47.5,0.0,294.27747,84.0
2024-06-20 18:00:00,47.5,0.0,294.6138,90.0
2024-06-21 00:00:00,47.5,0.0,291.00598,96.0
2024-06-21 06:00:00,47.5,0.0,289.96133,102.0
2024-06-21 12:00:00,47.5,0.0,290.89896,108.0
2024-06-21 18:00:00,47.5,0.0,290.22122,114.0
2024-06-22 00:00:00,47.5,0.0,288.46826,120.0
2024-06-22 06:00:00,47.5,0.0,286.67453,126.0
2024-06-22 12:00:00,47.5,0.0,290.50656,132.0
2024-06-22 18:00:00,47.5,0.0,289.67084,138.0
2024-06-23 00:00:00,47.5,0.0,288.23383,144.0
2024-06-23 06:00:00,47.5,0.0,286.8376,150.0
2024-06-23 12:00:00,47.5,0.0,291.05692,156.0
2024-06-23 18:00:00,47.5,0.0,292.12704,162.0
2024-06-24 00:00:00,47.5,0.0,287.6835,168.0
2024-06-24 06:00:00,47.5,0.0,287.2529,174.0
2024-06-24 12:00:00,47.5,0.0,294.4278,180.0
2024-06-24 18:00:00,47.5,0.0,295.31955,186.0
2024-06-25 00:00:00,47.5,0.0,290.32565,192.0
2024-06-25 06:00:00,47.5,0.0,290.22055,198.0
2024-06-25 12:00:00,47.5,0.0,297.02853,204.0
2024-06-25 18:00:00,47.5,0.0,297.14957,210.0
2024-06-26 00:00:00,47.5,0.0,292.70602,216.0
2024-06-26 06:00:00,47.5,0.0,292.29837,222.0
2024-06-26 12:00:00,47.5,0.0,297.67953,228.0
2024-06-26 18:00:00,47.5,0.0,297.7929,234.0
2024-06-27 00:00:00,47.5,0.0,293.14554,240.0
2024-06-17 12:00:00,47.5,0.0,292.7557,0.0
2024-06-17 18:00:00,47.5,0.0,293.59653,6.0
2024-06-18 00:00:00,47.5,0.0,290.31482,12.0
2024-06-18 06:00:00,47.5,0.0,290.61038,18.0
2024-06-18 12:00:00,47.5,0.0,295.8285,24.0
2024-06-18 18:00:00,47.5,0.0,294.02457,30.0
2024-06-19 00:00:00,47.5,0.0,290.3556,36.0
2024-06-19 06:00:00,47.5,0.0,289.48932,42.0
2024-06-19 12:00:00,47.5,0.0,292.52643,48.0
2024-06-19 18:00:00,47.5,0.0,293.6373,54.0
2024-06-20 00:00:00,47.5,0.0,290.17215,60.0
2024-06-20 06:00:00,47.5,0.0,289.53772,66.0
2024-06-20 12:00:00,47.5,0.0,294.06277,72.0
2024-06-20 18:00:00,47.5,0.0,294.00162,78.0
2024-06-21 00:00:00,47.5,0.0,290.4957,84.0
2024-06-21 06:00:00,47.5,0.0,289.45105,90.0
2024-06-21 12:00:00,47.5,0.0,291.64224,96.0
2024-06-21 18:00:00,47.5,0.0,293.7213,102.0
2024-06-22 00:00:00,47.5,0.0,287.97327,108.0
2024-06-22 06:00:00,47.5,0.0,287.62674,114.0
2024-06-22 12:00:00,47.5,0.0,290.27655,120.0
2024-06-22 18:00:00,47.5,0.0,290.37018,126.0
2024-06-23 00:00:00,47.5,0.0,287.74075,132.0
2024-06-23 06:00:00,47.5,0.0,286.6961,138.0
2024-06-23 12:00:00,47.5,0.0,291.66962,144.0
2024-06-23 18:00:00,47.5,0.0,292.51553,150.0
2024-06-24 00:00:00,47.5,0.0,287.9701,156.0
2024-06-24 06:00:00,47.5,0.0,287.2159,162.0
2024-06-24 12:00:00,47.5,0.0,294.22772,168.0
2024-06-24 18:00:00,47.5,0.0,294.8443,174.0
2024-06-25 00:00:00,47.5,0.0,289.68735,180.0
2024-06-25 06:00:00,47.5,0.0,289.45547,186.0
2024-06-25 12:00:00,47.5,0.0,297.28262,192.0
2024-06-25 18:00:00,47.5,0.0,297.73105,198.0
2024-06-26 00:00:00,47.5,0.0,291.8607,204.0
2024-06-26 06:00:00,47.5,0.0,291.34857,210.0
2024-06-26 12:00:00,47.5,0.0,299.99106,216.0
2024-06-26 18:00:00,47.5,0.0,299.9828,222.0
2024-06-27 00:00:00,47.5,0.0,293.99014,228.0
2024-06-27 06:00:00,47.5,0.0,292.88947,234.0
2024-06-27 12:00:00,47.5,0.0,301.65424,240.0
2024-06-18 00:00:00,47.5,0.0,288.5,0.0
2024-06-18 06:00:00,47.5,0.0,289.9574,6.0
2024-06-18 12:00:00,47.5,0.0,294.86975,12.0
2024-06-18 18:00:00,47.5,0.0,293.70792,18.0
2024-06-19 00:00:00,47.5,0.0,289.91666,24.0
2024-06-19 06:00:00,47.5,0.0,289.09113,30.0
2024-06-19 12:00:00,47.5,0.0,292.1486,36.0
2024-06-19 18:00:00,47.5,0.0,293.18814,42.0
2024-06-20 00:00:00,47.5,0.0,290.00836,48.0
2024-06-20 06:00:00,47.5,0.0,289.34082,54.0
2024-06-20 12:00:00,47.5,0.0,292.92825,60.0
2024-06-20 18:00:00,47.5,0.0,292.46454,66.0
2024-06-21 00:00:00,47.5,0.0,289.89627,72.0
2024-06-21 06:00:00,47.5,0.0,288.73953,78.0
2024-06-21 12:00:00,47.5,0.0,291.17532,84.0
2024-06-21 18:00:00,47.5,0.0,292.0467,90.0
2024-06-22 00:00:00,47.5,0.0,287.35855,96.0
2024-06-22 06:00:00,47.5,0.0,287.3286,102.0
2024-06-22 12:00:00,47.5,0.0,289.97842,108.0
2024-06-22 18:00:00,47.5,0.0,289.1274,114.0
2024-06-23 00:00:00,47.5,0.0,286.02917,120.0
2024-06-23 06:00:00,47.5,0.0,285.8884,126.0
2024-06-23 12:00:00,47.5,0.0,290.82114,132.0
2024-06-23 18:00:00,47.5,0.0,291.10394,138.0
2024-06-24 00:00:00,47.5,0.0,287.84262,144.0
2024-06-24 06:00:00,47.5,0.0,287.40692,150.0
2024-06-24 12:00:00,47.5,0.0,293.44034,156.0
2024-06-24 18:00:00,47.5,0.0,293.9958,162.0
2024-06-25 00:00:00,47.5,0.0,288.96115,168.0
2024-06-25 06:00:00,47.5,0.0,288.10507,174.0
2024-06-25 12:00:00,47.5,0.0,294.17926,180.0
2024-06-25 18:00:00,47.5,0.0,294.857,186.0
2024-06-26 00:00:00,47.5,0.0,289.7408,192.0
2024-06-26 06:00:00,47.5,0.0,289.62933,198.0
2024-06-26 12:00:00,47.5,0.0,295.54047,204.0
2024-06-26 18:00:00,47.5,0.0,296.1061,210.0
2024-06-27 00:00:00,47.5,0.0,290.48035,216.0
2024-06-27 06:00:00,47.5,0.0,289.99368,222.0
2024-06-27 12:00:00,47.5,0.0,297.1278,228.0
2024-06-27 18:00:00,47.5,0.0,297.56094,234.0
2024-06-28 00:00:00,47.5,0.0,291.3237,240.0
2024-06-18 12:00:00,47.5,0.0,294.6465,0.0
2024-06-18 18:00:00,47.5,0.0,294.53503,6.0
2024-06-19 00:00:00,47.5,0.0,290.13226,12.0
2024-06-19 06:00:00,47.5,0.0,289.3475,18.0
2024-06-19 12:00:00,47.5,0.0,292.30307,24.0
2024-06-19 18:00:00,47.5,0.0,293.3732,30.0
2024-06-20 00:00:00,47.5,0.0,290.13226,36.0
2024-06-20 06:00:00,47.5,0.0,289.50803,42.0
2024-06-20 12:00:00,47.5,0.0,293.68658,48.0
2024-06-20 18:00:00,47.5,0.0,292.4636,54.0
2024-06-21 00:00:00,47.5,0.0,289.46725,60.0
2024-06-21 06:00:00,47.5,0.0,288.97806,66.0
2024-06-21 12:00:00,47.5,0.0,292.99356,72.0
2024-06-21 18:00:00,47.5,0.0,292.16293,78.0
2024-06-22 00:00:00,47.5,0.0,288.47357,84.0
2024-06-22 06:00:00,47.5,0.0,287.7194,90.0
2024-06-22 12:00:00,47.5,0.0,291.69412,96.0
2024-06-22 18:00:00,47.5,0.0,289.59467,102.0
2024-06-23 00:00:00,47.5,0.0,286.23145,108.0
2024-06-23 06:00:00,47.5,0.0,285.86963,114.0
2024-06-23 12:00:00,47.5,0.0,291.69922,120.0
2024-06-23 18:00:00,47.5,0.0,292.13235,126.0
2024-06-24 00:00:00,47.5,0.0,287.72958,132.0
2024-06-24 06:00:00,47.5,0.0,287.52066,138.0
2024-06-24 12:00:00,47.5,0.0,293.14642,144.0
2024-06-24 18:00:00,47.5,0.0,293.6331,150.0
2024-06-25 00:00:00,47.5,0.0,288.6392,156.0
2024-06-25 06:00:00,47.5,0.0,287.96655,162.0
2024-06-25 12:00:00,47.5,0.0,292.79736,168.0
2024-06-25 18:00:00,47.5,0.0,293.2942,174.0
2024-06-26 00:00:00,47.5,0.0,289.6252,180.0
2024-06-26 06:00:00,47.5,0.0,288.9271,186.0
2024-06-26 12:00:00,47.5,0.0,293.32986,192.0
2024-06-26 18:00:00,47.5,0.0,294.06876,198.0
2024-06-27 00:00:00,47.5,0.0,289.56406,204.0
2024-06-27 06:00:00,47.5,0.0,289.01117,210.0
2024-06-27 12:00:00,47.5,0.0,293.78082,216.0
2024-06-27 18:00:00,47.5,0.0,294.72354,222.0
2024-06-28 00:00:00,47.5,0.0,290.70804,228.0
2024-06-28 06:00:00,47.5,0.0,290.5297,234.0
2024-06-28 12:00:00,47.5,0.0,296.27774,240.0
2024-06-19 00:00:00,47.5,0.0,288.9934,0.0
2024-06-19 06:00:00,47.5,0.0,289.32718,6.0
2024-06-19 12:00:00,47.5,0.0,293.0573,12.0
2024-06-19 18:00:00,47.5,0.0,293.70956,18.0
2024-06-20 00:00:00,47.5,0.0,290.22403,24.0
2024-06-20 06:00:00,47.5,0.0,289.71445,30.0
2024-06-20 12:00:00,47.5,0.0,293.48535,36.0
2024-06-20 18:00:00,47.5,0.0,292.3286,42.0
2024-06-21 00:00:00,47.5,0.0,289.51575,48.0
2024-06-21 06:00:00,47.5,0.0,288.77176,54.0
2024-06-21 12:00:00,47.5,0.0,292.6038,60.0
2024-06-21 18:00:00,47.5,0.0,292.36172,66.0
2024-06-22 00:00:00,47.5,0.0,288.0405,72.0
2024-06-22 06:00:00,47.5,0.0,287.8239,78.0
2024-06-22 12:00:00,47.5,0.0,290.22913,84.0
2024-06-22 18:00:00,47.5,0.0,290.43552,90.0
2024-06-23 00:00:00,47.5,0.0,288.5093,96.0
2024-06-23 06:00:00,47.5,0.0,288.3902,102.0
2024-06-23 12:00:00,47.5,0.0,292.22223,108.0
2024-06-23 18:00:00,47.5,0.0,293.41464,114.0
2024-06-24 00:00:00,47.5,0.0,289.99026,120.0
2024-06-24 06:00:00,47.5,0.0,289.57495,126.0
2024-06-24 12:00:00,47.5,0.0,296.46448,132.0
2024-06-24 18:00:00,47.5,0.0,296.54727,138.0
2024-06-25 00:00:00,47.5,0.0,291.04382,144.0
2024-06-25 06:00:00,47.5,0.0,290.682,150.0
2024-06-25 12:00:00,47.5,0.0,299.12064,156.0
2024-06-25 18:00:00,47.5,0.0,299.15726,162.0
2024-06-26 00:00:00,47.5,0.0,293.2869,168.0
2024-06-26 06:00:00,47.5,0.0,292.5735,174.0
2024-06-26 12:00:00,47.5,0.0,301.1752,180.0
2024-06-26 18:00:00,47.5,0.0,300.84906,186.0
2024-06-27 00:00:00,47.5,0.0,294.40796,192.0
2024-06-27 06:00:00,47.5,0.0,293.46524,198.0
2024-06-27 12:00:00,47.5,0.0,301.82236,204.0
2024-06-27 18:00:00,47.5,0.0,301.80963,210.0
2024-06-28 00:00:00,47.5,0.0,295.04242,216.0
2024-06-28 06:00:00,47.5,0.0,294.1048,222.0
2024-06-28 12:00:00,47.5,0.0,303.11417,228.0
2024-06-28 18:00:00,47.5,0.0,303.22055,234.0
2024-06-29 00:00:00,47.5,0.0,295.7603,240.0
2024-06-19 12:00:00,47.5,0.0,293.33453,0.0
2024-06-19 18:00:00,47.5,0.0,293.6454,6.0
2024-06-20 00:00:00,47.5,0.0,290.30255,12.0
2024-06-20 06:00:00,47.5,0.0,290.02737,18.0
2024-06-20 12:00:00,47.5,0.0,294.45053,24.0
2024-06-20 18:00:00,47.5,0.0,293.06448,30.0
2024-06-21 00:00:00,47.5,0.0,289.86432,36.0
2024-06-21 06:00:00,47.5,0.0,289.06427,42.0
2024-06-21 12:00:00,47.5,0.0,293.3651,48.0
2024-06-21 18:00:00,47.5,0.0,292.5345,54.0
2024-06-22 00:00:00,47.5,0.0,288.00943,60.0
2024-06-22 06:00:00,47.5,0.0,288.1483,66.0
2024-06-22 12:00:00,47.5,0.0,291.83765,72.0
2024-06-22 18:00:00,47.5,0.0,291.26437,78.0
2024-06-23 00:00:00,47.5,0.0,288.6961,84.0
2024-06-23 06:00:00,47.5,0.0,288.34958,90.0
2024-06-23 12:00:00,47.5,0.0,291.52936,96.0
2024-06-23 18:00:00,47.5,0.0,292.47208,102.0
2024-06-24 00:00:00,47.5,0.0,289.67957,108.0
2024-06-24 06:00:00,47.5,0.0,289.21075,114.0
2024-06-24 12:00:00,47.5,0.0,296.26334,120.0
2024-06-24 18:00:00,47.5,0.0,296.52322,126.0
2024-06-25 00:00:00,47.5,0.0,291.14206,132.0
2024-06-25 06:00:00,47.5,0.0,290.88474,138.0
2024-06-25 12:00:00,47.5,0.0,299.69028,144.0
2024-06-25 18:00:00,47.5,0.0,299.5533,150.0
2024-06-26 00:00:00,47.5,0.0,293.7645,156.0
2024-06-26 06:00:00,47.5,0.0,293.3237,162.0
2024-06-26 12:00:00,47.5,0.0,301.9254,168.0
2024-06-26 18:00:00,47.5,0.0,301.7165,174.0
2024-06-27 00:00:00,47.5,0.0,295.3977,180.0
2024-06-27 06:00:00,47.5,0.0,295.1251,186.0
2024-06-27 12:00:00,47.5,0.0,303.56372,192.0
2024-06-27 18:00:00,47.5,0.0,302.82993,198.0
2024-06-28 00:00:00,47.5,0.0,296.22577,204.0
2024-06-28 06:00:00,47.5,0.0,293.24982,210.0
2024-06-28 12:00:00,47.5,0.0,296.6742,216.0
2024-06-28 18:00:00,47.5,0.0,294.77856,222.0
2024-06-29 00:00:00,47.5,0.0,290.92615,228.0
2024-06-29 06:00:00,47.5,0.0,290.34778,234.0
2024-06-29 12:00:00,47.5,0.0,294.73016,240.0
2024-06-20 00:00:00,47.5,0.0,288.43698,0.0
2024-06-20 06:00:00,47.5,0.0,289.08923,6.0
2024-06-20 12:00:00,47.5,0.0,293.47162,12.0
2024-06-20 18:00:00,47.5,0.0,292.7735,18.0
2024-06-21 00:00:00,47.5,0.0,289.6345,24.0
2024-06-21 06:00:00,47.5,0.0,288.94656,30.0
2024-06-21 12:00:00,47.5,0.0,292.6563,36.0
2024-06-21 18:00:00,47.5,0.0,292.67987,42.0
2024-06-22 00:00:00,47.5,0.0,287.95096,48.0
2024-06-22 06:00:00,47.5,0.0,287.92676,54.0
2024-06-22 12:00:00,47.5,0.0,292.0034,60.0
2024-06-22 18:00:00,47.5,0.0,291.61102,66.0
2024-06-23 00:00:00,47.5,0.0,287.31018,72.0
2024-06-23 06:00:00,47.5,0.0,286.59167,78.0
2024-06-23 12:00:00,47.5,0.0,292.78818,84.0
2024-06-23 18:00:00,47.5,0.0,293.94492,90.0
2024-06-24 00:00:00,47.5,0.0,288.8899,96.0
2024-06-24 06:00:00,47.5,0.0,289.081,102.0
2024-06-24 12:00:00,47.5,0.0,296.8266,108.0
2024-06-24 18:00:00,47.5,0.0,297.11707,114.0
2024-06-25 00:00:00,47.5,0.0,291.7359,120.0
2024-06-25 06:00:00,47.5,0.0,291.5015,126.0
2024-06-25 12:00:00,47.5,0.0,300.3478,132.0
2024-06-25 18:00:00,47.5,0.0,300.1465,138.0
2024-06-26 00:00:00,47.5,0.0,294.1131,144.0
2024-06-26 06:00:00,47.5,0.0,293.72836,150.0
2024-06-26 12:00:00,47.5,0.0,302.24854,156.0
2024-06-26 18:00:00,47.5,0.0,302.10266,162.0
2024-06-27 00:00:00,47.5,0.0,295.82465,168.0
2024-06-27 06:00:00,47.5,0.0,293.5723,174.0
2024-06-27 12:00:00,47.5,0.0,295.93674,180.0
2024-06-27 18:00:00,47.5,0.0,292.53275,186.0
2024-06-28 00:00:00,47.5,0.0,288.0892,192.0
2024-06-28 06:00:00,47.5,0.0,287.6484,198.0
2024-06-28 12:00:00,47.5,0.0,294.41562,204.0
2024-06-28 18:00:00,47.5,0.0,293.7863,210.0
2024-06-29 00:00:00,47.5,0.0,289.58734,216.0
2024-06-29 06:00:00,47.5,0.0,288.1809,222.0
2024-06-29 12:00:00,47.5,0.0,293.48053,228.0
2024-06-29 18:00:00,47.5,0.0,294.12006,234.0
2024-06-30 00:00:00,47.5,0.0,288.4943,240.0
2024-06-20 12:00:00,47.5,0.0,293.4793,0.0
2024-06-20 18:00:00,47.5,0.0,292.68945,6.0
2024-06-21 00:00:00,47.5,0.0,289.7339,12.0
2024-06-21 06:00:00,47.5,0.0,289.33386,18.0
2024-06-21 12:00:00,47.5,0.0,293.57358,24.0
2024-06-21 18:00:00,47.5,0.0,293.17102,30.0
2024-06-22 00:00:00,47.5,0.0,287.9733,36.0
2024-06-22 06:00:00,47.5,0.0,288.2612,42.0
2024-06-22 12:00:00,47.5,0.0,292.19516,48.0
2024-06-22 18:00:00,47.5,0.0,291.97858,54.0
2024-06-23 00:00:00,47.5,0.0,288.18732,60.0
2024-06-23 06:00:00,47.5,0.0,288.0835,66.0
2024-06-23 12:00:00,47.5,0.0,292.9347,72.0
2024-06-23 18:00:00,47.5,0.0,293.76022,78.0
2024-06-24 00:00:00,47.5,0.0,289.84665,84.0
2024-06-24 06:00:00,47.5,0.0,289.50012,90.0
2024-06-24 12:00:00,47.5,0.0,297.0419,96.0
2024-06-24 18:00:00,47.5,0.0,297.64832,102.0
2024-06-25 00:00:00,47.5,0.0,292.06332,108.0
2024-06-25 06:00:00,47.5,0.0,291.94675,114.0
2024-06-25 12:00:00,47.5,0.0,300.79306,120.0
2024-06-25 18:00:00,47.5,0.0,300.96506,126.0
2024-06-26 00:00:00,47.5,0.0,294.48322,132.0
2024-06-26 06:00:00,47.5,0.0,294.51953,138.0
2024-06-26 12:00:00,47.5,0.0,301.8167,144.0
2024-06-26 18:00:00,47.5,0.0,298.7796,150.0
2024-06-27 00:00:00,47.5,0.0,291.89008,156.0
2024-06-27 06:00:00,47.5,0.0,288.91412,162.0
2024-06-27 12:00:00,47.5,0.0,292.48117,168.0
2024-06-27 18:00:00,47.5,0.0,291.355,174.0
2024-06-28 00:00:00,47.5,0.0,287.31915,180.0
2024-06-28 06:00:00,47.5,0.0,286.58536,186.0
2024-06-28 12:00:00,47.5,0.0,292.4965,192.0
2024-06-28 18:00:00,47.5,0.0,291.89774,198.0
2024-06-29 00:00:00,47.5,0.0,288.4326,204.0
2024-06-29 06:00:00,47.5,0.0,288.03256,210.0
2024-06-29 12:00:00,47.5,0.0,295.69666,216.0
2024-06-29 18:00:00,47.5,0.0,295.3323,222.0
2024-06-30 00:00:00,47.5,0.0,289.1358,228.0
2024-06-30 06:00:00,47.5,0.0,287.4338,234.0
2024-06-30 12:00:00,47.5,0.0,291.87735,240.0
2024-06-21 00:00:00,47.5,0.0,289.1817,0.0
2024-06-21 06:00:00,47.5,0.0,288.4683,6.0
2024-06-21 12:00:00,47.5,0.0,293.2991,12.0
2024-06-21 18:00:00,47.5,0.0,293.05197,18.0
2024-06-22 00:00:00,47.5,0.0,287.85425,24.0
2024-06-22 06:00:00,47.5,0.0,288.01605,30.0
2024-06-22 12:00:00,47.5,0.0,291.86847,36.0
2024-06-22 18:00:00,47.5,0.0,291.4965,42.0
2024-06-23 00:00:00,47.5,0.0,287.41986,48.0
2024-06-23 06:00:00,47.5,0.0,287.14215,54.0
2024-06-23 12:00:00,47.5,0.0,293.21634,60.0
2024-06-23 18:00:00,47.5,0.0,294.19983,66.0
2024-06-24 00:00:00,47.5,0.0,288.81866,72.0
2024-06-24 06:00:00,47.5,0.0,289.05307,78.0
2024-06-24 12:00:00,47.5,0.0,297.0025,84.0
2024-06-24 18:00:00,47.5,0.0,297.34647,90.0
2024-06-25 00:00:00,47.5,0.0,291.67993,96.0
2024-06-25 06:00:00,47.5,0.0,291.4761,102.0
2024-06-25 12:00:00,47.5,0.0,299.9555,108.0
2024-06-25 18:00:00,47.5,0.0,299.73892,114.0
2024-06-26 00:00:00,47.5,0.0,293.9501,120.0
2024-06-26 06:00:00,47.5,0.0,293.29276,126.0
2024-06-26 12:00:00,47.5,0.0,300.54916,132.0
2024-06-26 18:00:00,47.5,0.0,298.66373,138.0
2024-06-27 00:00:00,47.5,0.0,292.58954,144.0
2024-06-27 06:00:00,47.5,0.0,290.28622,150.0
2024-06-27 12:00:00,47.5,0.0,292.9768,156.0
2024-06-27 18:00:00,47.5,0.0,291.93726,162.0
2024-06-28 00:00:00,47.5,0.0,288.75748,168.0
2024-06-28 06:00:00,47.5,0.0,288.33707,174.0
2024-06-28 12:00:00,47.5,0.0,293.31058,180.0
2024-06-28 18:00:00,47.5,0.0,294.36542,186.0
2024-06-29 00:00:00,47.5,0.0,288.04663,192.0
2024-06-29 06:00:00,47.5,0.0,287.32812,198.0
2024-06-29 12:00:00,47.5,0.0,293.4023,204.0
2024-06-29 18:00:00,47.5,0.0,293.47333,210.0
2024-06-30 00:00:00,47.5,0.0,288.84634,216.0
2024-06-30 06:00:00,47.5,0.0,287.67432,222.0
2024-06-30 12:00:00,47.5,0.0,294.2377,228.0
2024-06-30 18:00:00,47.5,0.0,294.43515,234.0
2024-07-01 00:00:00,47.5,0.0,289.23743,240.0
2024-06-21 12:00:00,47.5,0.0,294.0802,0.0
2024-06-21 18:00:00,47.5,0.0,293.14767,6.0
2024-06-22 00:00:00,47.5,0.0,288.0315,12.0
2024-06-22 06:00:00,47.5,0.0,288.17545,18.0
2024-06-22 12:00:00,47.5,0.0,292.31323,24.0
2024-06-22 18:00:00,47.5,0.0,292.11194,30.0
2024-06-23 00:00:00,47.5,0.0,287.58688,36.0
2024-06-23 06:00:00,47.5,0.0,287.3601,42.0
2024-06-23 12:00:00,47.5,0.0,293.8012,48.0
2024-06-23 18:00:00,47.5,0.0,294.62164,54.0
2024-06-24 00:00:00,47.5,0.0,289.28125,60.0
2024-06-24 06:00:00,47.5,0.0,289.30545,66.0
2024-06-24 12:00:00,47.5,0.0,297.54025,72.0
2024-06-24 18:00:00,47.5,0.0,297.85873,78.0
2024-06-25 00:00:00,47.5,0.0,292.23297,84.0
2024-06-25 06:00:00,47.5,0.0,291.92468,90.0
2024-06-25 12:00:00,47.5,0.0,300.32257,96.0
2024-06-25 18:00:00,47.5,0.0,300.0219,102.0
2024-06-26 00:00:00,47.5,0.0,294.19232,108.0
2024-06-26 06:00:00,47.5,0.0,293.80505,114.0
2024-06-26 12:00:00,47.5,0.0,301.22455,120.0
2024-06-26 18:00:00,47.5,0.0,296.33258,126.0
2024-06-27 00:00:00,47.5,0.0,292.15402,132.0
2024-06-27 06:00:00,47.5,0.0,291.0788,138.0
2024-06-27 12:00:00,47.5,0.0,295.35925,144.0
2024-06-27 18:00:00,47.5,0.0,294.61017,150.0
2024-06-28 00:00:00,47.5,0.0,290.14624,156.0
2024-06-28 06:00:00,47.5,0.0,289.98636,162.0
2024-06-28 12:00:00,47.5,0.0,293.3292,168.0
2024-06-28 18:00:00,47.5,0.0,292.8731,174.0
2024-06-29 00:00:00,47.5,0.0,288.55188,180.0
2024-06-29 06:00:00,47.5,0.0,286.66644,186.0
2024-06-29 12:00:00,47.5,0.0,290.80423,192.0
2024-06-29 18:00:00,47.5,0.0,291.16348,198.0
2024-06-30 00:00:00,47.5,0.0,287.53528,204.0
2024-06-30 06:00:00,47.5,0.0,286.5161,210.0
2024-06-30 12:00:00,47.5,0.0,290.91888,216.0
2024-06-30 18:00:00,47.5,0.0,291.8514,222.0
2024-07-01 00:00:00,47.5,0.0,287.0206,228.0
2024-07-01 06:00:00,47.5,0.0,286.47025,234.0
2024-07-01 12:00:00,47.5,0.0,293.72665,240.0
2024-06-22 00:00:00,47.5,0.0,286.1426,0.0
2024-06-22 06:00:00,47.5,0.0,287.53885,6.0
2024-06-22 12:00:00,47.5,0.0,291.61548,12.0
2024-06-22 18:00:00,47.5,0.0,291.7671,18.0
2024-06-23 00:00:00,47.5,0.0,287.4051,24.0
2024-06-23 06:00:00,47.5,0.0,287.36942,30.0
2024-06-23 12:00:00,47.5,0.0,293.36206,36.0
2024-06-23 18:00:00,47.5,0.0,294.13153,42.0
2024-06-24 00:00:00,47.5,0.0,288.87268,48.0
2024-06-24 06:00:00,47.5,0.0,288.95102,54.0
2024-06-24 12:00:00,47.5,0.0,297.26736,60.0
2024-06-24 18:00:00,47.5,0.0,297.69797,66.0
2024-06-25 00:00:00,47.5,0.0,292.27603,72.0
2024-06-25 06:00:00,47.5,0.0,292.1429,78.0
2024-06-25 12:00:00,47.5,0.0,300.6631,84.0
2024-06-25 18:00:00,47.5,0.0,300.45416,90.0
2024-06-26 00:00:00,47.5,0.0,294.62457,96.0
2024-06-26 06:00:00,47.5,0.0,294.18887,102.0
2024-06-26 12:00:00,47.5,0.0,302.21985,108.0
2024-06-26 18:00:00,47.5,0.0,301.98798,114.0
2024-06-27 00:00:00,47.5,0.0,295.62842,120.0
2024-06-27 06:00:00,47.5,0.0,294.75705,126.0
2024-06-27 12:00:00,47.5,0.0,302.5842,132.0
2024-06-27 18:00:00,47.5,0.0,301.34082,138.0
2024-06-28 00:00:00,47.5,0.0,295.0628,144.0
2024-06-28 06:00:00,47.5,0.0,292.72894,150.0
2024-06-28 12:00:00,47.5,0.0,296.21448,156.0
2024-06-28 18:00:00,47.5,0.0,294.8692,162.0
2024-06-29 00:00:00,47.5,0.0,289.8753,168.0
2024-06-29 06:00:00,47.5,0.0,287.62296,174.0
2024-06-29 12:00:00,47.5,0.0,293.5341,180.0
2024-06-29 18:00:00,47.5,0.0,292.59137,186.0
2024-06-30 00:00:00,47.5,0.0,286.51718,192.0
2024-06-30 06:00:00,47.5,0.0,285.70184,198.0
2024-06-30 12:00:00,47.5,0.0,290.75687,204.0
2024-06-30 18:00:00,47.5,0.0,291.5671,210.0
2024-07-01 00:00:00,47.5,0.0,287.0624,216.0
2024-07-01 06:00:00,47.5,0.0,285.90567,222.0
2024-07-01 12:00:00,47.5,0.0,293.65128,228.0
2024-07-01 18:00:00,47.5,0.0,294.8488,234.0
2024-07-02 00:00:00,47.5,0.0,288.24463,240.0
2024-06-22 12:00:00,47.5,0.0,292.3792,0.0
2024-06-22 18:00:00,47.5,0.0,292.55884,6.0
2024-06-23 00:00:00,47.5,0.0,287.993,12.0
2024-06-23 06:00:00,47.5,0.0,287.94586,18.0
2024-06-23 12:00:00,47.5,0.0,293.857,24.0
2024-06-23 18:00:00,47.5,0.0,294.68762,30.0
2024-06-24 00:00:00,47.5,0.0,289.30646,36.0
2024-06-24 06:00:00,47.5,0.0,289.43893,42.0
2024-06-24 12:00:00,47.5,0.0,297.42914,48.0
2024-06-24 18:00:00,47.5,0.0,297.88266,54.0
2024-06-25 00:00:00,47.5,0.0,292.6238,60.0
2024-06-25 06:00:00,47.5,0.0,292.32315,66.0
2024-06-25 12:00:00,47.5,0.0,300.80255,72.0
2024-06-25 18:00:00,47.5,0.0,300.60892,78.0
2024-06-26 00:00:00,47.5,0.0,294.5755,84.0
2024-06-26 06:00:00,47.5,0.0,294.17804,90.0
2024-06-26 12:00:00,47.5,0.0,302.57593,96.0
2024-06-26 18:00:00,47.5,0.0,302.6944,102.0
2024-06-27 00:00:00,47.5,0.0,296.0087,108.0
2024-06-27 06:00:00,47.5,0.0,295.53732,114.0
2024-06-27 12:00:00,47.5,0.0,304.50592,120.0
2024-06-27 18:00:00,47.5,0.0,303.8027,126.0
2024-06-28 00:00:00,47.5,0.0,297.15778,132.0
2024-06-28 06:00:00,47.5,0.0,294.85446,138.0
2024-06-28 12:00:00,47.5,0.0,298.3196,144.0
2024-06-28 18:00:00,47.5,0.0,298.65594,150.0
2024-06-29 00:00:00,47.5,0.0,292.78558,156.0
2024-06-29 06:00:00,47.5,0.0,291.10397,162.0
2024-06-29 12:00:00,47.5,0.0,294.91562,168.0
2024-06-29 18:00:00,47.5,0.0,292.96902,174.0
2024-06-30 00:00:00,47.5,0.0,288.9739,180.0
2024-06-30 06:00:00,47.5,0.0,288.20953,186.0
2024-06-30 12:00:00,47.5,0.0,292.71423,192.0
2024-06-30 18:00:00,47.5,0.0,292.0747,198.0
2024-07-01 00:00:00,47.5,0.0,287.4681,204.0
2024-07-01 06:00:00,47.5,0.0,286.7598,210.0
2024-07-01 12:00:00,47.5,0.0,293.2009,216.0
2024-07-01 18:00:00,47.5,0.0,293.27734,222.0
2024-07-02 00:00:00,47.5,0.0,288.0185,228.0
2024-07-02 06:00:00,47.5,0.0,286.8159,234.0
2024-07-02 12:00:00,47.5,0.0,294.3169,240.0
2024-06-23 00:00:00,47.5,0.0,285.43057,0.0
2024-06-23 06:00:00,47.5,0.0,286.08792,6.0
2024-06-23 12:00:00,47.5,0.0,293.46664,12.0
2024-06-23 18:00:00,47.5,0.0,294.41956,18.0
2024-06-24 00:00:00,47.5,0.0,289.11993,24.0
2024-06-24 06:00:00,47.5,0.0,289.07663,30.0
2024-06-24 12:00:00,47.5,0.0,297.02606,36.0
2024-06-24 18:00:00,47.5,0.0,297.32925,42.0
2024-06-25 00:00:00,47.5,0.0,292.4169,48.0
2024-06-25 06:00:00,47.5,0.0,292.2207,54.0
2024-06-25 12:00:00,47.5,0.0,300.49628,60.0
2024-06-25 18:00:00,47.5,0.0,300.3555,66.0
2024-06-26 00:00:00,47.5,0.0,294.32208,72.0
2024-06-26 06:00:00,47.5,0.0,293.97046,78.0
2024-06-26 12:00:00,47.5,0.0,302.12375,84.0
2024-06-26 18:00:00,47.5,0.0,302.09763,90.0
2024-06-27 00:00:00,47.5,0.0,295.65652,96.0
2024-06-27 06:00:00,47.5,0.0,295.35077,102.0
2024-06-27 12:00:00,47.5,0.0,302.89255,108.0
2024-06-27 18:00:00,47.5,0.0,299.61084,114.0
2024-06-28 00:00:00,47.5,0.0,294.8412,120.0
2024-06-28 06:00:00,47.5,0.0,291.31488,126.0
2024-06-28 12:00:00,47.5,0.0,293.98508,132.0
2024-06-28 18:00:00,47.5,0.0,294.6934,138.0
2024-06-29 00:00:00,47.5,0.0,289.63837,144.0
2024-06-29 06:00:00,47.5,0.0,287.93637,150.0
2024-06-29 12:00:00,47.5,0.0,295.23355,156.0
2024-06-29 18:00:00,47.5,0.0,294.72653,162.0
2024-06-30 00:00:00,47.5,0.0,288.8154,168.0
2024-06-30 06:00:00,47.5,0.0,287.31723,174.0
2024-06-30 12:00:00,47.5,0.0,294.81824,180.0
2024-06-30 18:00:00,47.5,0.0,294.50485,186.0
2024-07-01 00:00:00,47.5,0.0,289.51096,192.0
2024-07-01 06:00:00,47.5,0.0,287.85992,198.0
2024-07-01 12:00:00,47.5,0.0,295.27942,204.0
2024-07-01 18:00:00,47.5,0.0,295.5342,210.0
2024-07-02 00:00:00,47.5,0.0,289.5008,216.0
2024-07-02 06:00:00,47.5,0.0,288.14532,222.0
2024-07-02 12:00:00,47.5,0.0,296.4209,228.0
2024-07-02 18:00:00,47.5,0.0,296.83365,234.0
2024-07-03 00:00:00,47.5,0.0,291.1671,240.0
2024-06-23 12:00:00,47.5,0.0,294.71295,0.0
2024-06-23 18:00:00,47.5,0.0,294.98557,6.0
2024-06-24 00:00:00,47.5,0.0,289.48212,12.0
2024-06-24 06:00:00,47.5,0.0,289.47894,18.0
2024-06-24 12:00:00,47.5,0.0,298.0399,24.0
2024-06-24 18:00:00,47.5,0.0,298.48322,30.0
2024-06-25 00:00:00,47.5,0.0,293.1836,36.0
2024-06-25 06:00:00,47.5,0.0,292.84216,42.0
2024-06-25 12:00:00,47.5,0.0,301.11774,48.0
2024-06-25 18:00:00,47.5,0.0,300.89352,54.0
2024-06-26 00:00:00,47.5,0.0,294.90088,60.0
2024-06-26 06:00:00,47.5,0.0,294.3327,66.0
2024-06-26 12:00:00,47.5,0.0,302.60828,72.0
2024-06-26 18:00:00,47.5,0.0,301.43115,78.0
2024-06-27 00:00:00,47.5,0.0,295.4385,84.0
2024-06-27 06:00:00,47.5,0.0,294.02188,90.0
2024-06-27 12:00:00,47.5,0.0,297.18127,96.0
2024-06-27 18:00:00,47.5,0.0,295.08182,102.0
2024-06-28 00:00:00,47.5,0.0,290.251,108.0
2024-06-28 06:00:00,47.5,0.0,288.1006,114.0
2024-06-28 12:00:00,47.5,0.0,293.5633,120.0
2024-06-28 18:00:00,47.5,0.0,293.648,126.0
2024-06-29 00:00:00,47.5,0.0,287.6146,132.0
2024-06-29 06:00:00,47.5,0.0,286.94196,138.0
2024-06-29 12:00:00,47.5,0.0,293.87225,144.0
2024-06-29 18:00:00,47.5,0.0,293.94073,150.0
2024-06-30 00:00:00,47.5,0.0,289.31375,156.0
2024-06-30 06:00:00,47.5,0.0,288.74048,162.0
2024-06-30 12:00:00,47.5,0.0,292.40945,168.0
2024-06-30 18:00:00,47.5,0.0,292.30182,174.0
2024-07-01 00:00:00,47.5,0.0,286.513,180.0
2024-07-01 06:00:00,47.5,0.0,286.20215,186.0
2024-07-01 12:00:00,47.5,0.0,292.03174,192.0
2024-07-01 18:00:00,47.5,0.0,293.10187,198.0
2024-07-02 00:00:00,47.5,0.0,288.4341,204.0
2024-07-02 06:00:00,47.5,0.0,288.06213,210.0
2024-07-02 12:00:00,47.5,0.0,289.63165,216.0
2024-07-02 18:00:00,47.5,0.0,290.9056,222.0
2024-07-03 00:00:00,47.5,0.0,286.86975,228.0
2024-07-03 06:00:00,47.5,0.0,286.3245,234.0
2024-07-03 12:00:00,47.5,0.0,291.298,240.0
2024-06-24 00:00:00,47.5,0.0,287.0982,0.0
2024-06-24 06:00:00,47.5,0.0,287.96448,6.0
2024-06-24 12:00:00,47.5,0.0,296.8923,12.0
2024-06-24 18:00:00,47.5,0.0,297.47833,18.0
2024-06-25 00:00:00,47.5,0.0,292.38254,24.0
2024-06-25 06:00:00,47.5,0.0,292.28763,30.0
2024-06-25 12:00:00,47.5,0.0,300.44092,36.0
2024-06-25 18:00:00,47.5,0.0,300.15555,42.0
2024-06-26 00:00:00,47.5,0.0,294.4075,48.0
2024-06-26 06:00:00,47.5,0.0,293.95142,54.0
2024-06-26 12:00:00,47.5,0.0,301.90085,60.0
2024-06-26 18:00:00,47.5,0.0,301.9569,66.0
2024-06-27 00:00:00,47.5,0.0,295.59735,72.0
2024-06-27 06:00:00,47.5,0.0,294.75143,78.0
2024-06-27 12:00:00,47.5,0.0,301.23328,84.0
2024-06-27 18:00:00,47.5,0.0,298.92996,90.0
2024-06-28 00:00:00,47.5,0.0,291.592,96.0
2024-06-28 06:00:00,47.5,0.0,288.86066,102.0
2024-06-28 12:00:00,47.5,0.0,295.4648,108.0
2024-06-28 18:00:00,47.5,0.0,296.4483,114.0
2024-06-29 00:00:00,47.5,0.0,290.3741,120.0
2024-06-29 06:00:00,47.5,0.0,288.97787,126.0
2024-06-29 12:00:00,47.5,0.0,296.64197,132.0
2024-06-29 18:00:00,47.5,0.0,296.68304,138.0
2024-06-30 00:00:00,47.5,0.0,289.87506,144.0
2024-06-30 06:00:00,47.5,0.0,289.06992,150.0
2024-06-30 12:00:00,47.5,0.0,292.51468,156.0
2024-06-30 18:00:00,47.5,0.0,290.0483,162.0
2024-07-01 00:00:00,47.5,0.0,287.0112,168.0
2024-07-01 06:00:00,47.5,0.0,285.95636,174.0
2024-07-01 12:00:00,47.5,0.0,291.78595,180.0
2024-07-01 18:00:00,47.5,0.0,291.1872,186.0
2024-07-02 00:00:00,47.5,0.0,287.70166,192.0
2024-07-02 06:00:00,47.5,0.0,287.20227,198.0
2024-07-02 12:00:00,47.5,0.0,290.66742,204.0
2024-07-02 18:00:00,47.5,0.0,290.33365,210.0
2024-07-03 00:00:00,47.5,0.0,287.6023,216.0
2024-07-03 06:00:00,47.5,0.0,287.27362,222.0
2024-07-03 12:00:00,47.5,0.0,292.20636,228.0
2024-07-03 18:00:00,47.5,0.0,292.58344,234.0
2024-07-04 00:00:00,47.5,0.0,288.2826,240.0
2024-06-24 12:00:00,47.5,0.0,296.9345,0.0
2024-06-24 18:00:00,47.5,0.0,297.80588,6.0
2024-06-25 00:00:00,47.5,0.0,292.38394,12.0
2024-06-25 06:00:00,47.5,0.0,292.55847,18.0
2024-06-25 12:00:00,47.5,0.0,300.95636,24.0
2024-06-25 18:00:00,47.5,0.0,300.68375,30.0
2024-06-26 00:00:00,47.5,0.0,294.65033,36.0
2024-06-26 06:00:00,47.5,0.0,294.2554,42.0
2024-06-26 12:00:00,47.5,0.0,302.44943,48.0
2024-06-26 18:00:00,47.5,0.0,302.50327,54.0
2024-06-27 00:00:00,47.5,0.0,295.93988,60.0
2024-06-27 06:00:00,47.5,0.0,294.99716,66.0
2024-06-27 12:00:00,47.5,0.0,301.76437,72.0
2024-06-27 18:00:00,47.5,0.0,299.38974,78.0
2024-06-28 00:00:00,47.5,0.0,291.60336,84.0
2024-06-28 06:00:00,47.5,0.0,288.74973,90.0
2024-06-28 12:00:00,47.5,0.0,295.15005,96.0
2024-06-28 18:00:00,47.5,0.0,296.22528,102.0
2024-06-29 00:00:00,47.5,0.0,290.27338,108.0
2024-06-29 06:00:00,47.5,0.0,288.75482,114.0
2024-06-29 12:00:00,47.5,0.0,295.88895,120.0
2024-06-29 18:00:00,47.5,0.0,295.69785,126.0
2024-06-30 00:00:00,47.5,0.0,289.50134,132.0
2024-06-30 06:00:00,47.5,0.0,288.06433,138.0
2024-06-30 12:00:00,47.5,0.0,293.07858,144.0
2024-06-30 18:00:00,47.5,0.0,292.99896,150.0
2024-07-01 00:00:00,47.5,0.0,288.5962,156.0
2024-07-01 06:00:00,47.5,0.0,286.81265,162.0
2024-07-01 12:00:00,47.5,0.0,293.98755,168.0
2024-07-01 18:00:00,47.5,0.0,293.6181,174.0
2024-07-02 00:00:00,47.5,0.0,289.15417,180.0
2024-07-02 06:00:00,47.5,0.0,288.63187,186.0
2024-07-02 12:00:00,47.5,0.0,292.03586,192.0
2024-07-02 18:00:00,47.5,0.0,293.25885,198.0
2024-07-03 00:00:00,47.5,0.0,289.5695,204.0
2024-07-03 06:00:00,47.5,0.0,288.40765,210.0
2024-07-03 12:00:00,47.5,0.0,292.6066,216.0
2024-07-03 18:00:00,47.5,0.0,292.8843,222.0
2024-07-04 00:00:00,47.5,0.0,290.29565,228.0
2024-07-04 06:00:00,47.5,0.0,289.60263,234.0
2024-07-04 12:00:00,47.5,0.0,292.76202,240.0
2024-06-25 00:00:00,47.5,0.0,290.07617,0.0
2024-06-25 06:00:00,47.5,0.0,290.65964,6.0
2024-06-25 12:00:00,47.5,0.0,299.95438,12.0
2024-06-25 18:00:00,47.5,0.0,299.51105,18.0
2024-06-26 00:00:00,47.5,0.0,293.80374,24.0
2024-06-26 06:00:00,47.5,0.0,293.59225,30.0
2024-06-26 12:00:00,47.5,0.0,301.50095,36.0
2024-06-26 18:00:00,47.5,0.0,301.54523,42.0
2024-06-27 00:00:00,47.5,0.0,295.3895,48.0
2024-06-27 06:00:00,47.5,0.0,294.96655,54.0
2024-06-27 12:00:00,47.5,0.0,301.77454,60.0
2024-06-27 18:00:00,47.5,0.0,299.34894,66.0
2024-06-28 00:00:00,47.5,0.0,291.44025,72.0
2024-06-28 06:00:00,47.5,0.0,288.79044,78.0
2024-06-28 12:00:00,47.5,0.0,295.47614,84.0
2024-06-28 18:00:00,47.5,0.0,296.39337,90.0
2024-06-29 00:00:00,47.5,0.0,291.19565,96.0
2024-06-29 06:00:00,47.5,0.0,289.1981,102.0
2024-06-29 12:00:00,47.5,0.0,292.13327,108.0
2024-06-29 18:00:00,47.5,0.0,293.90662,114.0
2024-06-30 00:00:00,47.5,0.0,288.89236,120.0
2024-06-30 06:00:00,47.5,0.0,288.48215,126.0
2024-06-30 12:00:00,47.5,0.0,293.2518,132.0
2024-06-30 18:00:00,47.5,0.0,293.44543,138.0
2024-07-01 00:00:00,47.5,0.0,289.4911,144.0
2024-07-01 06:00:00,47.5,0.0,287.48334,150.0
2024-07-01 12:00:00,47.5,0.0,293.51675,156.0
2024-07-01 18:00:00,47.5,0.0,293.96008,162.0
2024-07-02 00:00:00,47.5,0.0,289.61847,168.0
2024-07-02 06:00:00,47.5,0.0,288.91525,174.0
2024-07-02 12:00:00,47.5,0.0,293.72568,180.0
2024-07-02 18:00:00,47.5,0.0,292.87976,186.0
2024-07-03 00:00:00,47.5,0.0,289.53693,192.0
2024-07-03 06:00:00,47.5,0.0,289.8121,198.0
2024-07-03 12:00:00,47.5,0.0,292.93073,204.0
2024-07-03 18:00:00,47.5,0.0,292.87976,210.0
2024-07-04 00:00:00,47.5,0.0,287.1317,216.0
2024-07-04 06:00:00,47.5,0.0,286.10745,222.0
2024-07-04 12:00:00,47.5,0.0,292.0186,228.0
2024-07-04 18:00:00,47.5,0.0,293.04285,234.0
2024-07-05 00:00:00,47.5,0.0,289.0681,240.0
2024-06-25 12:00:00,47.5,0.0,299.46136,0.0
2024-06-25 18:00:00,47.5,0.0,299.2397,6.0
2024-06-26 00:00:00,47.5,0.0,293.45087,12.0
2024-06-26 06:00:00,47.5,0.0,293.10434,18.0
2024-06-26 12:00:00,47.5,0.0,301.25763,24.0
2024-06-26 18:00:00,47.5,0.0,301.343,30.0
2024-06-27 00:00:00,47.5,0.0,294.94266,36.0
2024-06-27 06:00:00,47.5,0.0,294.57578,42.0
2024-06-27 12:00:00,47.5,0.0,301.343,48.0
2024-06-27 18:00:00,47.5,0.0,299.27408,54.0
2024-06-28 00:00:00,47.5,0.0,290.34625,60.0
2024-06-28 06:00:00,47.5,0.0,288.07352,66.0
2024-06-28 12:00:00,47.5,0.0,295.04456,72.0
2024-06-28 18:00:00,47.5,0.0,296.5835,78.0
2024-06-29 00:00:00,47.5,0.0,291.52847,84.0
2024-06-29 06:00:00,47.5,0.0,290.20355,90.0
2024-06-29 12:00:00,47.5,0.0,292.77182,96.0
2024-06-29 18:00:00,47.5,0.0,291.80872,102.0
2024-06-30 00:00:00,47.5,0.0,288.58817,108.0
2024-06-30 06:00:00,47.5,0.0,287.68112,114.0
2024-06-30 12:00:00,47.5,0.0,292.8177,120.0
2024-06-30 18:00:00,47.5,0.0,291.88007,126.0
2024-07-01 00:00:00,47.5,0.0,288.72067,132.0
2024-07-01 06:00:00,47.5,0.0,286.7231,138.0
2024-07-01 12:00:00,47.5,0.0,290.71823,144.0
2024-07-01 18:00:00,47.5,0.0,291.00104,150.0
2024-07-02 00:00:00,47.5,0.0,287.7601,156.0
2024-07-02 06:00:00,47.5,0.0,287.855,162.0
2024-07-02 12:00:00,47.5,0.0,291.91125,168.0
2024-07-02 18:00:00,47.5,0.0,291.2921,174.0
2024-07-03 00:00:00,47.5,0.0,287.5212,180.0
2024-07-03 06:00:00,47.5,0.0,287.47534,186.0
2024-07-03 12:00:00,47.5,0.0,290.89972,192.0
2024-07-03 18:00:00,47.5,0.0,291.86282,198.0
2024-07-04 00:00:00,47.5,0.0,287.41928,204.0
2024-07-04 06:00:00,47.5,0.0,286.1963,210.0
2024-07-04 12:00:00,47.5,0.0,293.04504,216.0
2024-07-04 18:00:00,47.5,0.0,294.74704,222.0
2024-07-05 00:00:00,47.5,0.0,287.93906,228.0
2024-07-05 06:00:00,47.5,0.0,288.20657,234.0
2024-07-05 12:00:00,47.5,0.0,293.1393,240.0
2024-06-26 00:00:00,47.5,0.0,293.9673,0.0
2024-06-26 06:00:00,47.5,0.0,292.84622,6.0
2024-06-26 12:00:00,47.5,0.0,300.9995,12.0
2024-06-26 18:00:00,47.5,0.0,301.23138,18.0
2024-06-27 00:00:00,47.5,0.0,295.03488,24.0
2024-06-27 06:00:00,47.5,0.0,294.60938,30.0
2024-06-27 12:00:00,47.5,0.0,301.45813,36.0
2024-06-27 18:00:00,47.5,0.0,298.91022,42.0
2024-06-28 00:00:00,47.5,0.0,290.5531,48.0
2024-06-28 06:00:00,47.5,0.0,288.33133,54.0
2024-06-28 12:00:00,47.5,0.0,295.09854,60.0
2024-06-28 18:00:00,47.5,0.0,296.3674,66.0
2024-06-29 00:00:00,47.5,0.0,291.25122,72.0
2024-06-29 06:00:00,47.5,0.0,289.98746,78.0
2024-06-29 12:00:00,47.5,0.0,292.44363,84.0
2024-06-29 18:00:00,47.5,0.0,291.44995,90.0
2024-06-30 00:00:00,47.5,0.0,288.82053,96.0
2024-06-30 06:00:00,47.5,0.0,287.45486,102.0
2024-06-30 12:00:00,47.5,0.0,292.67297,108.0
2024-06-30 18:00:00,47.5,0.0,292.42075,114.0
2024-07-01 00:00:00,47.5,0.0,289.1798,120.0
2024-07-01 06:00:00,47.5,0.0,287.41666,126.0
2024-07-01 12:00:00,47.5,0.0,291.2283,132.0
2024-07-01 18:00:00,47.5,0.0,291.51367,138.0
2024-07-02 00:00:00,47.5,0.0,288.27274,144.0
2024-07-02 06:00:00,47.5,0.0,287.6485,150.0
2024-07-02 12:00:00,47.5,0.0,291.15442,156.0
2024-07-02 18:00:00,47.5,0.0,291.4882,162.0
2024-07-03 00:00:00,47.5,0.0,287.595,168.0
2024-07-03 06:00:00,47.5,0.0,286.1478,174.0
2024-07-03 12:00:00,47.5,0.0,289.59256,180.0
2024-07-03 18:00:00,47.5,0.0,288.5581,186.0
2024-07-04 00:00:00,47.5,0.0,286.93765,192.0
2024-07-04 06:00:00,47.5,0.0,286.84912,198.0
2024-07-04 12:00:00,47.5,0.0,292.27106,204.0
2024-07-04 18:00:00,47.5,0.0,293.52972,210.0
2024-07-05 00:00:00,47.5,0.0,288.02628,216.0
2024-07-05 06:00:00,47.5,0.0,288.07913,222.0
2024-07-05 12:00:00,47.5,0.0,296.23242,228.0
2024-07-05 18:00:00,47.5,0.0,296.72925,234.0
2024-07-06 00:00:00,47.5,0.0,289.1467,240.0
2024-06-26 12:00:00,47.5,0.0,301.8101,0.0
2024-06-26 18:00:00,47.5,0.0,301.80246,6.0
2024-06-27 00:00:00,47.5,0.0,295.1983,12.0
2024-06-27 06:00:00,47.5,0.0,294.4951,18.0
2024-06-27 12:00:00,47.5,0.0,301.42538,24.0
2024-06-27 18:00:00,47.5,0.0,299.17303,30.0
2024-06-28 00:00:00,47.5,0.0,290.6121,36.0
2024-06-28 06:00:00,47.5,0.0,288.54318,42.0
2024-06-28 12:00:00,47.5,0.0,295.6773,48.0
2024-06-28 18:00:00,47.5,0.0,297.24683,54.0
2024-06-29 00:00:00,47.5,0.0,291.98798,60.0
2024-06-29 06:00:00,47.5,0.0,290.46942,66.0
2024-06-29 12:00:00,47.5,0.0,293.425,72.0
2024-06-29 18:00:00,47.5,0.0,291.77396,78.0
2024-06-30 00:00:00,47.5,0.0,288.59418,84.0
2024-06-30 06:00:00,47.5,0.0,287.66165,90.0
2024-06-30 12:00:00,47.5,0.0,292.87976,96.0
2024-06-30 18:00:00,47.5,0.0,293.36896,102.0
2024-07-01 00:00:00,47.5,0.0,289.88342,108.0
2024-07-01 06:00:00,47.5,0.0,288.9254,114.0
2024-07-01 12:00:00,47.5,0.0,293.71545,120.0
2024-07-01 18:00:00,47.5,0.0,293.9626,126.0
2024-07-02 00:00:00,47.5,0.0,289.39676,132.0
2024-07-02 06:00:00,47.5,0.0,289.08847,138.0
2024-07-02 12:00:00,47.5,0.0,291.92172,144.0
2024-07-02 18:00:00,47.5,0.0,292.07205,150.0
2024-07-03 00:00:00,47.5,0.0,288.58652,156.0
2024-07-03 06:00:00,47.5,0.0,287.43997,162.0
2024-07-03 12:00:00,47.5,0.0,290.47708,168.0
2024-07-03 18:00:00,47.5,0.0,291.94467,174.0
2024-07-04 00:00:00,47.5,0.0,287.92917,180.0
2024-07-04 06:00:00,47.5,0.0,286.87943,186.0
2024-07-04 12:00:00,47.5,0.0,292.42365,192.0
2024-07-04 18:00:00,47.5,0.0,293.3154,198.0
2024-07-05 00:00:00,47.5,0.0,287.77118,204.0
2024-07-05 06:00:00,47.5,0.0,286.61954,210.0
2024-07-05 12:00:00,47.5,0.0,291.67456,216.0
2024-07-05 18:00:00,47.5,0.0,292.78033,222.0
2024-07-06 00:00:00,47.5,0.0,286.6246,228.0
2024-07-06 06:00:00,47.5,0.0,285.73285,234.0
2024-07-06 12:00:00,47.5,0.0,294.0492,240.0
2024-06-27 00:00:00,47.5,0.0,293.69745,0.0
2024-06-27 06:00:00,47.5,0.0,292.77512,6.0
2024-06-27 12:00:00,47.5,0.0,299.90924,12.0
2024-06-27 18:00:00,47.5,0.0,298.67606,18.0
2024-06-28 00:00:00,47.5,0.0,290.03357,24.0
2024-06-28 06:00:00,47.5,0.0,287.73026,30.0
2024-06-28 12:00:00,47.5,0.0,294.74207,36.0
2024-06-28 18:00:00,47.5,0.0,296.35233,42.0
2024-06-29 00:00:00,47.5,0.0,290.84888,48.0
2024-06-29 06:00:00,47.5,0.0,289.94693,54.0
2024-06-29 12:00:00,47.5,0.0,293.41208,60.0
2024-06-29 18:00:00,47.5,0.0,292.26044,66.0
2024-06-30 00:00:00,47.5,0.0,289.1418,72.0
2024-06-30 06:00:00,47.5,0.0,287.52136,78.0
2024-06-30 12:00:00,47.5,0.0,293.1879,84.0
2024-06-30 18:00:00,47.5,0.0,293.17517,90.0
2024-07-01 00:00:00,47.5,0.0,289.2616,96.0
2024-07-01 06:00:00,47.5,0.0,287.52902,102.0
2024-07-01 12:00:00,47.5,0.0,291.9318,108.0
2024-07-01 18:00:00,47.5,0.0,291.91013,114.0
2024-07-02 00:00:00,47.5,0.0,288.77112,120.0
2024-07-02 06:00:00,47.5,0.0,288.3227,126.0
2024-07-02 12:00:00,47.5,0.0,291.97128,132.0
2024-07-02 18:00:00,47.5,0.0,291.48972,138.0
2024-07-03 00:00:00,47.5,0.0,286.06778,144.0
2024-07-03 06:00:00,47.5,0.0,285.63974,150.0
2024-07-03 12:00:00,47.5,0.0,289.7979,156.0
2024-07-03 18:00:00,47.5,0.0,289.35968,162.0
2024-07-04 00:00:00,47.5,0.0,289.07687,168.0
2024-07-04 06:00:00,47.5,0.0,287.60928,174.0
2024-07-04 12:00:00,47.5,0.0,291.17633,180.0
2024-07-04 18:00:00,47.5,0.0,292.36874,186.0
2024-07-05 00:00:00,47.5,0.0,287.63983,192.0
2024-07-05 06:00:00,47.5,0.0,286.92642,198.0
2024-07-05 12:00:00,47.5,0.0,293.36752,204.0
2024-07-05 18:00:00,47.5,0.0,294.27457,210.0
2024-07-06 00:00:00,47.5,0.0,289.44376,216.0
2024-07-06 06:00:00,47.5,0.0,289.1278,222.0
2024-07-06 12:00:00,47.5,0.0,295.48737,228.0
2024-07-06 18:00:00,47.5,0.0,297.17917,234.0
2024-07-07 00:00:00,47.5,0.0,290.86038,240.0
2024-06-27 12:00:00,47.5,0.0,298.46454,0.0
2024-06-27 18:00:00,47.5,0.0,298.09,6.0
2024-06-28 00:00:00,47.5,0.0,289.28445,12.0
2024-06-28 06:00:00,47.5,0.0,287.23593,18.0
2024-06-28 12:00:00,47.5,0.0,294.0439,24.0
2024-06-28 18:00:00,47.5,0.0,295.59305,30.0
2024-06-29 00:00:00,47.5,0.0,290.04883,36.0
2024-06-29 06:00:00,47.5,0.0,289.4195,42.0
2024-06-29 12:00:00,47.5,0.0,293.49612,48.0
2024-06-29 18:00:00,47.5,0.0,292.39545,54.0
2024-06-30 00:00:00,47.5,0.0,288.88953,60.0
2024-06-30 06:00:00,47.5,0.0,287.3098,66.0
2024-06-30 12:00:00,47.5,0.0,293.01712,72.0
2024-06-30 18:00:00,47.5,0.0,293.2783,78.0
2024-07-01 00:00:00,47.5,0.0,289.75198,84.0
2024-07-01 06:00:00,47.5,0.0,287.94806,90.0
2024-07-01 12:00:00,47.5,0.0,292.67697,96.0
2024-07-01 18:00:00,47.5,0.0,292.44,102.0
2024-07-02 00:00:00,47.5,0.0,288.5876,108.0
2024-07-02 06:00:00,47.5,0.0,287.8436,114.0
2024-07-02 12:00:00,47.5,0.0,292.38904,120.0
2024-07-02 18:00:00,47.5,0.0,292.40784,126.0
2024-07-03 00:00:00,47.5,0.0,286.29288,132.0
2024-07-03 06:00:00,47.5,0.0,285.5438,138.0
2024-07-03 12:00:00,47.5,0.0,291.61798,144.0
2024-07-03 18:00:00,47.5,0.0,291.17975,150.0
2024-07-04 00:00:00,47.5,0.0,289.0497,156.0
2024-07-04 06:00:00,47.5,0.0,288.57834,162.0
2024-07-04 12:00:00,47.5,0.0,292.81805,168.0
2024-07-04 18:00:00,47.5,0.0,294.28564,174.0
2024-07-05 00:00:00,47.5,0.0,288.1299,180.0
2024-07-05 06:00:00,47.5,0.0,288.04648,186.0
2024-07-05 12:00:00,47.5,0.0,297.9527,192.0
2024-07-05 18:00:00,47.5,0.0,299.47125,198.0
2024-07-06 00:00:00,47.5,0.0,291.1549,204.0
2024-07-06 06:00:00,47.5,0.0,288.9943,210.0
2024-07-06 12:00:00,47.5,0.0,294.7016,216.0
2024-07-06 18:00:00,47.5,0.0,292.42886,222.0
2024-07-07 00:00:00,47.5,0.0,287.9038,228.0
2024-07-07 06:00:00,47.5,0.0,286.30374,234.0
2024-07-07 12:00:00,47.5,0.0,291.97028,240.0
2024-06-28 00:00:00,47.5,0.0,286.90305,0.0
2024-06-28 06:00:00,47.5,0.0,286.0062,6.0
2024-06-28 12:00:00,47.5,0.0,292.89572,12.0
2024-06-28 18:00:00,47.5,0.0,294.6283,18.0
2024-06-29 00:00:00,47.5,0.0,289.5529,24.0
2024-06-29 06:00:00,47.5,0.0,289.1758,30.0
2024-06-29 12:00:00,47.5,0.0,293.10977,36.0
2024-06-29 18:00:00,47.5,0.0,292.65115,42.0
2024-06-30 00:00:00,47.5,0.0,289.06372,48.0
2024-06-30 06:00:00,47.5,0.0,287.2598,54.0
2024-06-30 12:00:00,47.5,0.0,292.9671,60.0
2024-06-30 18:00:00,47.5,0.0,293.65503,66.0
2024-07-01 00:00:00,47.5,0.0,289.9045,72.0
2024-07-01 06:00:00,47.5,0.0,289.10446,78.0
2024-07-01 12:00:00,47.5,0.0,293.3034,84.0
2024-07-01 18:00:00,47.5,0.0,293.06134,90.0
2024-07-02 00:00:00,47.5,0.0,287.86362,96.0
2024-07-02 06:00:00,47.5,0.0,287.37952,102.0
2024-07-02 12:00:00,47.5,0.0,291.13004,108.0
2024-07-02 18:00:00,47.5,0.0,292.3887,114.0
2024-07-03 00:00:00,47.5,0.0,288.5363,120.0
2024-07-03 06:00:00,47.5,0.0,287.41013,126.0
2024-07-03 12:00:00,47.5,0.0,293.76968,132.0
2024-07-03 18:00:00,47.5,0.0,292.75052,138.0
2024-07-04 00:00:00,47.5,0.0,289.3669,144.0
2024-07-04 06:00:00,47.5,0.0,288.1745,150.0
2024-07-04 12:00:00,47.5,0.0,292.86264,156.0
2024-07-04 18:00:00,47.5,0.0,293.999,162.0
2024-07-05 00:00:00,47.5,0.0,288.0471,168.0
2024-07-05 06:00:00,47.5,0.0,286.78333,174.0
2024-07-05 12:00:00,47.5,0.0,293.5913,180.0
2024-07-05 18:00:00,47.5,0.0,293.50787,186.0
2024-07-06 00:00:00,47.5,0.0,288.71783,192.0
2024-07-06 06:00:00,47.5,0.0,287.77002,198.0
2024-07-06 12:00:00,47.5,0.0,293.02887,204.0
2024-07-06 18:00:00,47.5,0.0,292.6467,210.0
2024-07-07 00:00:00,47.5,0.0,288.12164,216.0
2024-07-07 06:00:00,47.5,0.0,287.0821,222.0
2024-07-07 12:00:00,47.5,0.0,292.3817,228.0
2024-07-07 18:00:00,47.5,0.0,292.31357,234.0
2024-07-08 00:00:00,47.5,0.0,287.56427,240.0
2024-06-28 12:00:00,47.5,0.0,293.8694,0.0
2024-06-28 18:00:00,47.5,0.0,295.0516,6.0
2024-06-29 00:00:00,47.5,0.0,290.11887,12.0
2024-06-29 06:00:00,47.5,0.0,289.46915,18.0
2024-06-29 12:00:00,47.5,0.0,293.24005,24.0
2024-06-29 18:00:00,47.5,0.0,292.73557,30.0
2024-06-30 00:00:00,47.5,0.0,289.20926,36.0
2024-06-30 06:00:00,47.5,0.0,287.40533,42.0
2024-06-30 12:00:00,47.5,0.0,293.0311,48.0
2024-06-30 18:00:00,47.5,0.0,294.13177,54.0
2024-07-01 00:00:00,47.5,0.0,290.03476,60.0
2024-07-01 06:00:00,47.5,0.0,289.2653,66.0
2024-07-01 12:00:00,47.5,0.0,293.2808,72.0
2024-07-01 18:00:00,47.5,0.0,293.11774,78.0
2024-07-02 00:00:00,47.5,0.0,288.0627,84.0
2024-07-02 06:00:00,47.5,0.0,287.54294,90.0
2024-07-02 12:00:00,47.5,0.0,291.53806,96.0
2024-07-02 18:00:00,47.5,0.0,292.77124,102.0
2024-07-03 00:00:00,47.5,0.0,288.0016,108.0
2024-07-03 06:00:00,47.5,0.0,286.58496,114.0
2024-07-03 12:00:00,47.5,0.0,293.43372,120.0
2024-07-03 18:00:00,47.5,0.0,293.6898,126.0
2024-07-04 00:00:00,47.5,0.0,289.3074,132.0
2024-07-04 06:00:00,47.5,0.0,289.50104,138.0
2024-07-04 12:00:00,47.5,0.0,294.06686,144.0
2024-07-04 18:00:00,47.5,0.0,295.31024,150.0
2024-07-05 00:00:00,47.5,0.0,289.96985,156.0
2024-07-05 06:00:00,47.5,0.0,290.038,162.0
2024-07-05 12:00:00,47.5,0.0,298.1505,168.0
2024-07-05 18:00:00,47.5,0.0,297.6486,174.0
2024-07-06 00:00:00,47.5,0.0,290.9629,180.0
2024-07-06 06:00:00,47.5,0.0,289.46472,186.0
2024-07-06 12:00:00,47.5,0.0,292.9095,192.0
2024-07-06 18:00:00,47.5,0.0,292.5324,198.0
2024-07-07 00:00:00,47.5,0.0,288.84305,204.0
2024-07-07 06:00:00,47.5,0.0,287.03912,210.0
2024-07-07 12:00:00,47.5,0.0,293.72482,216.0
2024-07-07 18:00:00,47.5,0.0,292.8789,222.0
2024-07-08 00:00:00,47.5,0.0,287.5385,228.0
2024-07-08 06:00:00,47.5,0.0,286.6009,234.0
2024-07-08 12:00:00,47.5,0.0,293.49042,240.0
2024-06-29 00:00:00,47.5,0.0,287.46127,0.0
2024-06-29 06:00:00,47.5,0.0,287.91736,6.0
2024-06-29 12:00:00,47.5,0.0,292.7074,12.0
2024-06-29 18:00:00,47.5,0.0,292.559,18.0
2024-06-30 00:00:00,47.5,0.0,288.48236,24.0
2024-06-30 06:00:00,47.5,0.0,287.08612,30.0
2024-06-30 12:00:00,47.5,0.0,293.03802,36.0
2024-06-30 18:00:00,47.5,0.0,293.73105,42.0
2024-07-01 00:00:00,47.5,0.0,289.9194,48.0
2024-07-01 06:00:00,47.5,0.0,288.81363,54.0
2024-07-01 12:00:00,47.5,0.0,293.37946,60.0
2024-07-01 18:00:00,47.5,0.0,293.3476,66.0
2024-07-02 00:00:00,47.5,0.0,288.08875,72.0
2024-07-02 06:00:00,47.5,0.0,287.54858,78.0
2024-07-02 12:00:00,47.5,0.0,291.91058,84.0
2024-07-02 18:00:00,47.5,0.0,292.96033,90.0
2024-07-03 00:00:00,47.5,0.0,288.9856,96.0
2024-07-03 06:00:00,47.5,0.0,288.31296,102.0
2024-07-03 12:00:00,47.5,0.0,292.65457,108.0
2024-07-03 18:00:00,47.5,0.0,292.838,114.0
2024-07-04 00:00:00,47.5,0.0,289.37286,120.0
2024-07-04 06:00:00,47.5,0.0,289.24866,126.0
2024-07-04 12:00:00,47.5,0.0,293.63104,132.0
2024-07-04 18:00:00,47.5,0.0,295.07825,138.0
2024-07-05 00:00:00,47.5,0.0,289.37094,144.0
2024-07-05 06:00:00,47.5,0.0,288.91742,150.0
2024-07-05 12:00:00,47.5,0.0,297.39682,156.0
2024-07-05 18:00:00,47.5,0.0,297.41403,162.0
2024-07-06 00:00:00,47.5,0.0,289.38306,168.0
2024-07-06 06:00:00,47.5,0.0,288.66965,174.0
2024-07-06 12:00:00,47.5,0.0,292.82782,180.0
2024-07-06 18:00:00,47.5,0.0,292.86795,186.0
2024-07-07 00:00:00,47.5,0.0,287.32373,192.0
2024-07-07 06:00:00,47.5,0.0,286.31985,198.0
2024-07-07 12:00:00,47.5,0.0,292.88324,204.0
2024-07-07 18:00:00,47.5,0.0,292.6896,210.0
2024-07-08 00:00:00,47.5,0.0,287.6142,216.0
2024-07-08 06:00:00,47.5,0.0,286.69696,222.0
2024-07-08 12:00:00,47.5,0.0,293.26035,228.0
2024-07-08 18:00:00,47.5,0.0,294.26422,234.0
2024-07-09 00:00:00,47.5,0.0,288.8423,240.0
2024-06-29 12:00:00,47.5,0.0,293.3,0.0
2024-06-29 18:00:00,47.5,0.0,293.27322,6.0
2024-06-30 00:00:00,47.5,0.0,289.0539,12.0
2024-06-30 06:00:00,47.5,0.0,287.62708,18.0
2024-06-30 12:00:00,47.5,0.0,294.19046,24.0
2024-06-30 18:00:00,47.5,0.0,294.2156,30.0
2024-07-01 00:00:00,47.5,0.0,290.2205,36.0
2024-07-01 06:00:00,47.5,0.0,288.79367,42.0
2024-07-01 12:00:00,47.5,0.0,293.8487,48.0
2024-07-01 18:00:00,47.5,0.0,293.85187,54.0
2024-07-02 00:00:00,47.5,0.0,288.30765,60.0
2024-07-02 06:00:00,47.5,0.0,287.61462,66.0
2024-07-02 12:00:00,47.5,0.0,292.46582,72.0
2024-07-02 18:00:00,47.5,0.0,293.4748,78.0
2024-07-03 00:00:00,47.5,0.0,288.74588,84.0
2024-07-03 06:00:00,47.5,0.0,288.15732,90.0
2024-07-03 12:00:00,47.5,0.0,292.58047,96.0
2024-07-03 18:00:00,47.5,0.0,293.02637,102.0
2024-07-04 00:00:00,47.5,0.0,289.8262,108.0
2024-07-04 06:00:00,47.5,0.0,288.76627,114.0
2024-07-04 12:00:00,47.5,0.0,293.00598,120.0
2024-07-04 18:00:00,47.5,0.0,294.15762,126.0
2024-07-05 00:00:00,47.5,0.0,287.635,132.0
2024-07-05 06:00:00,47.5,0.0,286.39163,138.0
2024-07-05 12:00:00,47.5,0.0,294.09647,144.0
2024-07-05 18:00:00,47.5,0.0,296.08383,150.0
2024-07-06 00:00:00,47.5,0.0,290.1727,156.0
2024-07-06 06:00:00,47.5,0.0,289.97906,162.0
2024-07-06 12:00:00,47.5,0.0,296.99088,168.0
2024-07-06 18:00:00,47.5,0.0,295.79337,174.0
2024-07-07 00:00:00,47.5,0.0,289.75995,180.0
2024-07-07 06:00:00,47.5,0.0,288.33313,186.0
2024-07-07 12:00:00,47.5,0.0,291.98172,192.0
2024-07-07 18:00:00,47.5,0.0,291.1409,198.0
2024-07-08 00:00:00,47.5,0.0,286.73813,204.0
2024-07-08 06:00:00,47.5,0.0,286.4859,210.0
2024-07-08 12:00:00,47.5,0.0,291.704,216.0
2024-07-08 18:00:00,47.5,0.0,290.40967,222.0
2024-07-09 00:00:00,47.5,0.0,288.9013,228.0
2024-07-09 06:00:00,47.5,0.0,289.0217,234.0
2024-07-09 12:00:00,47.5,0.0,292.58875,240.0
2024-06-30 00:00:00,47.5,0.0,287.90277,0.0
2024-06-30 06:00:00,47.5,0.0,286.6594,6.0
2024-06-30 12:00:00,47.5,0.0,293.6712,12.0
2024-06-30 18:00:00,47.5,0.0,293.8056,18.0
2024-07-01 00:00:00,47.5,0.0,290.11624,24.0
2024-07-01 06:00:00,47.5,0.0,288.40405,30.0
2024-07-01 12:00:00,47.5,0.0,293.1941,36.0
2024-07-01 18:00:00,47.5,0.0,293.02338,42.0
2024-07-02 00:00:00,47.5,0.0,288.31485,48.0
2024-07-02 06:00:00,47.5,0.0,287.74158,54.0
2024-07-02 12:00:00,47.5,0.0,292.65393,60.0
2024-07-02 18:00:00,47.5,0.0,293.08453,66.0
2024-07-03 00:00:00,47.5,0.0,288.55948,72.0
2024-07-03 06:00:00,47.5,0.0,287.88174,78.0
2024-07-03 12:00:00,47.5,0.0,292.95715,84.0
2024-07-03 18:00:00,47.5,0.0,292.94888,90.0
2024-07-04 00:00:00,47.5,0.0,289.32068,96.0
2024-07-04 06:00:00,47.5,0.0,289.3245,102.0
2024-07-04 12:00:00,47.5,0.0,293.03424,108.0
2024-07-04 18:00:00,47.5,0.0,293.71707,114.0
2024-07-05 00:00:00,47.5,0.0,287.80594,120.0
2024-07-05 06:00:00,47.5,0.0,286.80206,126.0
2024-07-05 12:00:00,47.5,0.0,293.9362,132.0
2024-07-05 18:00:00,47.5,0.0,294.8789,138.0
2024-07-06 00:00:00,47.5,0.0,289.04932,144.0
2024-07-06 06:00:00,47.5,0.0,288.7079,150.0
2024-07-06 12:00:00,47.5,0.0,294.4152,156.0
2024-07-06 18:00:00,47.5,0.0,292.12207,162.0
2024-07-07 00:00:00,47.5,0.0,287.53586,168.0
2024-07-07 06:00:00,47.5,0.0,285.7625,174.0
2024-07-07 12:00:00,47.5,0.0,291.99976,180.0
2024-07-07 18:00:00,47.5,0.0,292.1832,186.0
2024-07-08 00:00:00,47.5,0.0,286.98547,192.0
2024-07-08 06:00:00,47.5,0.0,286.2415,198.0
2024-07-08 12:00:00,47.5,0.0,292.56027,204.0
2024-07-08 18:00:00,47.5,0.0,292.28766,210.0
2024-07-09 00:00:00,47.5,0.0,287.25302,216.0
2024-07-09 06:00:00,47.5,0.0,286.4224,222.0
2024-07-09 12:00:00,47.5,0.0,293.47498,228.0
2024-07-09 18:00:00,47.5,0.0,293.87753,234.0
2024-07-10 00:00:00,47.5,0.0,287.4772,240.0
2024-06-30 12:00:00,47.5,0.0,294.1,0.0
2024-06-30 18:00:00,47.5,0.0,294.66818,6.0
2024-07-01 00:00:00,47.5,0.0,290.22464,12.0
2024-07-01 06:00:00,47.5,0.0,288.28824,18.0
2024-07-01 12:00:00,47.5,0.0,293.11905,24.0
2024-07-01 18:00:00,47.5,0.0,293.09357,30.0
2024-07-02 00:00:00,47.5,0.0,288.40543,36.0
2024-07-02 06:00:00,47.5,0.0,287.67673,42.0
2024-07-02 12:00:00,47.5,0.0,292.24255,48.0
2024-07-02 18:00:00,47.5,0.0,293.08337,54.0
2024-07-03 00:00:00,47.5,0.0,287.88565,60.0
2024-07-03 06:00:00,47.5,0.0,286.80023,66.0
2024-07-03 12:00:00,47.5,0.0,292.87442,72.0
2024-07-03 18:00:00,47.5,0.0,293.4095,78.0
2024-07-04 00:00:00,47.5,0.0,288.7825,84.0
2024-07-04 06:00:00,47.5,0.0,289.022,90.0
2024-07-04 12:00:00,47.5,0.0,293.48593,96.0
2024-07-04 18:00:00,47.5,0.0,294.70892,102.0
2024-07-05 00:00:00,47.5,0.0,289.00162,108.0
2024-07-05 06:00:00,47.5,0.0,287.77863,114.0
2024-07-05 12:00:00,47.5,0.0,295.11658,120.0
2024-07-05 18:00:00,47.5,0.0,296.60455,126.0
2024-07-06 00:00:00,47.5,0.0,290.0004,132.0
2024-07-06 06:00:00,47.5,0.0,289.39655,138.0
2024-07-06 12:00:00,47.5,0.0,292.73938,144.0
2024-07-06 18:00:00,47.5,0.0,291.77628,150.0
2024-07-07 00:00:00,47.5,0.0,288.4742,156.0
2024-07-07 06:00:00,47.5,0.0,286.8945,162.0
2024-07-07 12:00:00,47.5,0.0,291.5011,168.0
2024-07-07 18:00:00,47.5,0.0,291.14185,174.0
2024-07-08 00:00:00,47.5,0.0,286.6983,180.0
2024-07-08 06:00:00,47.5,0.0,285.66895,186.0
2024-07-08 12:00:00,47.5,0.0,292.31387,192.0
2024-07-08 18:00:00,47.5,0.0,291.76608,198.0
2024-07-09 00:00:00,47.5,0.0,286.60913,204.0
2024-07-09 06:00:00,47.5,0.0,285.9747,210.0
2024-07-09 12:00:00,47.5,0.0,293.9649,216.0
2024-07-09 18:00:00,47.5,0.0,295.07068,222.0
2024-07-10 00:00:00,47.5,0.0,288.30347,228.0
2024-07-10 06:00:00,47.5,0.0,287.83975,234.0
2024-07-10 12:00:00,47.5,0.0,297.99057,240.0
2024-07-01 00:00:00,47.5,0.0,286.75098,0.0
2024-07-01 06:00:00,47.5,0.0,285.9917,6.0
2024-07-01 12:00:00,47.5,0.0,291.8213,12.0
2024-07-01 18:00:00,47.5,0.0,291.66904,18.0
2024-07-02 00:00:00,47.5,0.0,288.06122,24.0
2024-07-02 06:00:00,47.5,0.0,287.3631,30.0
2024-07-02 12:00:00,47.5,0.0,292.07162,36.0
2024-07-02 18:00:00,47.5,0.0,292.91754,42.0
2024-07-03 00:00:00,47.5,0.0,287.84213,48.0
2024-07-03 06:00:00,47.5,0.0,286.7669,54.0
2024-07-03 12:00:00,47.5,0.0,292.4742,60.0
2024-07-03 18:00:00,47.5,0.0,292.80035,66.0
2024-07-04 00:00:00,47.5,0.0,288.9887,72.0
2024-07-04 06:00:00,47.5,0.0,289.32504,78.0
2024-07-04 12:00:00,47.5,0.0,293.40167,84.0
2024-07-04 18:00:00,47.5,0.0,294.4565,90.0
2024-07-05 00:00:00,47.5,0.0,288.46387,96.0
2024-07-05 06:00:00,47.5,0.0,287.62814,102.0
2024-07-05 12:00:00,47.5,0.0,296.35214,108.0
2024-07-05 18:00:00,47.5,0.0,297.8809,114.0
2024-07-06 00:00:00,47.5,0.0,290.86908,120.0
2024-07-06 06:00:00,47.5,0.0,289.30975,126.0
2024-07-06 12:00:00,47.5,0.0,293.20294,132.0
2024-07-06 18:00:00,47.5,0.0,291.8067,138.0
2024-07-07 00:00:00,47.5,0.0,288.1785,144.0
2024-07-07 06:00:00,47.5,0.0,286.4765,150.0
2024-07-07 12:00:00,47.5,0.0,292.50992,156.0
2024-07-07 18:00:00,47.5,0.0,292.21692,162.0
2024-07-08 00:00:00,47.5,0.0,287.2638,168.0
2024-07-08 06:00:00,47.5,0.0,286.14273,174.0
2024-07-08 12:00:00,47.5,0.0,293.76605,180.0
2024-07-08 18:00:00,47.5,0.0,294.0922,186.0
2024-07-09 00:00:00,47.5,0.0,287.69186,192.0
2024-07-09 06:00:00,47.5,0.0,287.24854,198.0
2024-07-09 12:00:00,47.5,0.0,296.2579,204.0
2024-07-09 18:00:00,47.5,0.0,297.54205,210.0
2024-07-10 00:00:00,47.5,0.0,290.4487,216.0
2024-07-10 06:00:00,47.5,0.0,289.4958,222.0
2024-07-10 12:00:00,47.5,0.0,298.74976,228.0
2024-07-10 18:00:00,47.5,0.0,299.8097,234.0
2024-07-11 00:00:00,47.5,0.0,292.92017,240.0
2024-07-01 12:00:00,47.5,0.0,293.32416,0.0
2024-07-01 18:00:00,47.5,0.0,292.97253,6.0
2024-07-02 00:00:00,47.5,0.0,288.69208,12.0
2024-07-02 06:00:00,47.5,0.0,287.96848,18.0
2024-07-02 12:00:00,47.5,0.0,292.677,24.0
2024-07-02 18:00:00,47.5,0.0,292.4426,30.0
2024-07-03 00:00:00,47.5,0.0,287.4691,36.0
2024-07-03 06:00:00,47.5,0.0,286.69962,42.0
2024-07-03 12:00:00,47.5,0.0,292.56998,48.0
2024-07-03 18:00:00,47.5,0.0,292.198,54.0
2024-07-04 00:00:00,47.5,0.0,289.09976,60.0
2024-07-04 06:00:00,47.5,0.0,289.40295,66.0
2024-07-04 12:00:00,47.5,0.0,293.39807,72.0
2024-07-04 18:00:00,47.5,0.0,294.35608,78.0
2024-07-05 00:00:00,47.5,0.0,287.99652,84.0
2024-07-05 06:00:00,47.5,0.0,287.39777,90.0
2024-07-05 12:00:00,47.5,0.0,296.8148,96.0
2024-07-05 18:00:00,47.5,0.0,298.89386,102.0
2024-07-06 00:00:00,47.5,0.0,291.59668,108.0
2024-07-06 06:00:00,47.5,0.0,289.52777,114.0
2024-07-06 12:00:00,47.5,0.0,292.626,120.0
2024-07-06 18:00:00,47.5,0.0,293.1356,126.0
2024-07-07 00:00:00,47.5,0.0,287.42828,132.0
2024-07-07 06:00:00,47.5,0.0,286.21548,138.0
2024-07-07 12:00:00,47.5,0.0,293.14578,144.0
2024-07-07 18:00:00,47.5,0.0,293.68085,150.0
2024-07-08 00:00:00,47.5,0.0,287.9328,156.0
2024-07-08 06:00:00,47.5,0.0,287.6831,162.0
2024-07-08 12:00:00,47.5,0.0,295.46948,168.0
2024-07-08 18:00:00,47.5,0.0,296.6415,174.0
2024-07-09 00:00:00,47.5,0.0,290.28195,180.0
2024-07-09 06:00:00,47.5,0.0,290.2584,186.0
2024-07-09 12:00:00,47.5,0.0,300.36847,192.0
2024-07-09 18:00:00,47.5,0.0,302.3864,198.0
2024-07-10 00:00:00,47.5,0.0,295.4969,204.0
2024-07-10 06:00:00,47.5,0.0,294.79367,210.0
2024-07-10 12:00:00,47.5,0.0,304.0884,216.0
2024-07-10 18:00:00,47.5,0.0,301.25516,222.0
2024-07-11 00:00:00,47.5,0.0,295.18097,228.0
2024-07-11 06:00:00,47.5,0.0,293.428,234.0
2024-07-11 12:00:00,47.5,0.0,298.72763,240.0
2024-07-02 00:00:00,47.5,0.0,285.2,0.0
2024-07-02 06:00:00,47.5,0.0,285.6663,6.0
2024-07-02 12:00:00,47.5,0.0,290.2525,12.0
2024-07-02 18:00:00,47.5,0.0,291.20032,18.0
2024-07-03 00:00:00,47.5,0.0,286.69562,24.0
2024-07-03 06:00:00,47.5,0.0,286.0026,30.0
2024-07-03 12:00:00,47.5,0.0,291.83218,36.0
2024-07-03 18:00:00,47.5,0.0,291.23853,42.0
2024-07-04 00:00:00,47.5,0.0,289.54672,48.0
2024-07-04 06:00:00,47.5,0.0,289.2002,54.0
2024-07-04 12:00:00,47.5,0.0,292.56342,60.0
2024-07-04 18:00:00,47.5,0.0,292.81183,66.0
2024-07-05 00:00:00,47.5,0.0,286.6561,72.0
2024-07-05 06:00:00,47.5,0.0,286.48795,78.0
2024-07-05 12:00:00,47.5,0.0,295.5381,84.0
2024-07-05 18:00:00,47.5,0.0,297.3624,90.0
2024-07-06 00:00:00,47.5,0.0,290.63596,96.0
2024-07-06 06:00:00,47.5,0.0,289.22952,102.0
2024-07-06 12:00:00,47.5,0.0,291.9201,108.0
2024-07-06 18:00:00,47.5,0.0,292.8985,114.0
2024-07-07 00:00:00,47.5,0.0,287.63965,120.0
2024-07-07 06:00:00,47.5,0.0,286.52878,126.0
2024-07-07 12:00:00,47.5,0.0,293.13293,132.0
2024-07-07 18:00:00,47.5,0.0,293.55078,138.0
2024-07-08 00:00:00,47.5,0.0,287.80273,144.0
2024-07-08 06:00:00,47.5,0.0,286.967,150.0
2024-07-08 12:00:00,47.5,0.0,295.48718,156.0
2024-07-08 18:00:00,47.5,0.0,296.63882,162.0
2024-07-09 00:00:00,47.5,0.0,290.4831,168.0
2024-07-09 06:00:00,47.5,0.0,290.09326,174.0
2024-07-09 12:00:00,47.5,0.0,300.40717,180.0
2024-07-09 18:00:00,47.5,0.0,302.07858,186.0
2024-07-10 00:00:00,47.5,0.0,294.74063,192.0
2024-07-10 06:00:00,47.5,0.0,294.13168,198.0
2024-07-10 12:00:00,47.5,0.0,302.77417,204.0
2024-07-10 18:00:00,47.5,0.0,301.0518,210.0
2024-07-11 00:00:00,47.5,0.0,295.05914,216.0
2024-07-11 06:00:00,47.5,0.0,292.51123,222.0
2024-07-11 12:00:00,47.5,0.0,298.66696,228.0
2024-07-11 18:00:00,47.5,0.0,298.71124,234.0
2024-07-12 00:00:00,47.5,0.0,293.6766,240.0
2024-07-02 12:00:00,47.5,0.0,290.62738,0.0
2024-07-02 18:00:00,47.5,0.0,291.36627,6.0
2024-07-03 00:00:00,47.5,0.0,286.9635,12.0
2024-07-03 06:00:00,47.5,0.0,286.4896,18.0
2024-07-03 12:00:00,47.5,0.0,291.91153,24.0
2024-07-03 18:00:00,47.5,0.0,291.13187,30.0
2024-07-04 00:00:00,47.5,0.0,289.82733,36.0
2024-07-04 06:00:00,47.5,0.0,288.82855,42.0
2024-07-04 12:00:00,47.5,0.0,292.47714,48.0
2024-07-04 18:00:00,47.5,0.0,293.07846,54.0
2024-07-05 00:00:00,47.5,0.0,287.28964,60.0
2024-07-05 06:00:00,47.5,0.0,287.16797,66.0
2024-07-05 12:00:00,47.5,0.0,296.50348,72.0
2024-07-05 18:00:00,47.5,0.0,298.6335,78.0
2024-07-06 00:00:00,47.5,0.0,291.70322,84.0
2024-07-06 06:00:00,47.5,0.0,289.5324,90.0
2024-07-06 12:00:00,47.5,0.0,292.87524,96.0
2024-07-06 18:00:00,47.5,0.0,293.25742,102.0
2024-07-07 00:00:00,47.5,0.0,287.75397,108.0
2024-07-07 06:00:00,47.5,0.0,286.76028,114.0
2024-07-07 12:00:00,47.5,0.0,293.24213,120.0
2024-07-07 18:00:00,47.5,0.0,293.06888,126.0
2024-07-08 00:00:00,47.5,0.0,287.6877,132.0
2024-07-08 06:00:00,47.5,0.0,286.745,138.0
2024-07-08 12:00:00,47.5,0.0,294.36832,144.0
2024-07-08 18:00:00,47.5,0.0,295.70343,150.0
2024-07-09 00:00:00,47.5,0.0,289.95538,156.0
2024-07-09 06:00:00,47.5,0.0,289.92163,162.0
2024-07-09 12:00:00,47.5,0.0,300.60242,168.0
2024-07-09 18:00:00,47.5,0.0,302.22287,174.0
2024-07-10 00:00:00,47.5,0.0,294.47726,180.0
2024-07-10 06:00:00,47.5,0.0,292.41855,186.0
2024-07-10 12:00:00,47.5,0.0,299.22653,192.0
2024-07-10 18:00:00,47.5,0.0,298.3144,198.0
2024-07-11 00:00:00,47.5,0.0,291.71024,204.0
2024-07-11 06:00:00,47.5,0.0,289.98785,210.0
2024-07-11 12:00:00,47.5,0.0,297.61118,216.0
2024-07-11 18:00:00,47.5,0.0,298.73224,222.0
2024-07-12 00:00:00,47.5,0.0,293.43262,228.0
2024-07-12 06:00:00,47.5,0.0,292.82367,234.0
2024-07-12 12:00:00,47.5,0.0,299.91702,240.0
2024-07-03 00:00:00,47.5,0.0,285.59766,0.0
2024-07-03 06:00:00,47.5,0.0,285.19763,6.0
2024-07-03 12:00:00,47.5,0.0,292.08716,12.0
2024-07-03 18:00:00,47.5,0.0,291.08838,18.0
2024-07-04 00:00:00,47.5,0.0,289.6004,24.0
2024-07-04 06:00:00,47.5,0.0,288.33664,30.0
2024-07-04 12:00:00,47.5,0.0,292.06677,36.0
2024-07-04 18:00:00,47.5,0.0,292.62222,42.0
2024-07-05 00:00:00,47.5,0.0,287.11877,48.0
2024-07-05 06:00:00,47.5,0.0,286.8105,54.0
2024-07-05 12:00:00,47.5,0.0,295.5345,60.0
2024-07-05 18:00:00,47.5,0.0,297.49127,66.0
2024-07-06 00:00:00,47.5,0.0,291.05017,72.0
2024-07-06 06:00:00,47.5,0.0,289.40933,78.0
2024-07-06 12:00:00,47.5,0.0,292.42606,84.0
2024-07-06 18:00:00,47.5,0.0,292.81332,90.0
2024-07-07 00:00:00,47.5,0.0,287.8602,96.0
2024-07-07 06:00:00,47.5,0.0,286.72894,102.0
2024-07-07 12:00:00,47.5,0.0,292.88467,108.0
2024-07-07 18:00:00,47.5,0.0,293.24902,114.0
2024-07-08 00:00:00,47.5,0.0,287.41943,120.0
2024-07-08 06:00:00,47.5,0.0,286.62448,126.0
2024-07-08 12:00:00,47.5,0.0,294.737,132.0
2024-07-08 18:00:00,47.5,0.0,295.55234,138.0
2024-07-09 00:00:00,47.5,0.0,289.68198,144.0
2024-07-09 06:00:00,47.5,0.0,289.36093,150.0
2024-07-09 12:00:00,47.5,0.0,299.9602,156.0
2024-07-09 18:00:00,47.5,0.0,301.11694,162.0
2024-07-10 00:00:00,47.5,0.0,294.43124,168.0
2024-07-10 06:00:00,47.5,0.0,293.47833,174.0
2024-07-10 12:00:00,47.5,0.0,300.0825,180.0
2024-07-10 18:00:00,47.5,0.0,298.09512,186.0
2024-07-11 00:00:00,47.5,0.0,292.7955,192.0
2024-07-11 06:00:00,47.5,0.0,290.95084,198.0
2024-07-11 12:00:00,47.5,0.0,295.67975,204.0
2024-07-11 18:00:00,47.5,0.0,294.90518,210.0
2024-07-12 00:00:00,47.5,0.0,290.13553,216.0
2024-07-12 06:00:00,47.5,0.0,289.90875,222.0
2024-07-12 12:00:00,47.5,0.0,293.92426,228.0
2024-07-12 18:00:00,47.5,0.0,294.33447,234.0
2024-07-13 00:00:00,47.5,0.0,289.03485,240.0
2024-07-03 12:00:00,47.5,0.0,292.0299,0.0
2024-07-03 18:00:00,47.5,0.0,291.24005,6.0
2024-07-04 00:00:00,47.5,0.0,289.854,12.0
2024-07-04 06:00:00,47.5,0.0,288.36603,18.0
2024-07-04 12:00:00,47.5,0.0,292.19806,24.0
2024-07-04 18:00:00,47.5,0.0,293.05923,30.0
2024-07-05 00:00:00,47.5,0.0,287.47424,36.0
2024-07-05 06:00:00,47.5,0.0,287.01816,42.0
2024-07-05 12:00:00,47.5,0.0,295.37527,48.0
2024-07-05 18:00:00,47.5,0.0,297.4136,54.0
2024-07-06 00:00:00,47.5,0.0,291.01328,60.0
2024-07-06 06:00:00,47.5,0.0,289.6578,66.0
2024-07-06 12:00:00,47.5,0.0,292.36877,72.0
2024-07-06 18:00:00,47.5,0.0,292.74332,78.0
2024-07-07 00:00:00,47.5,0.0,287.58636,84.0
2024-07-07 06:00:00,47.5,0.0,286.5468,90.0
2024-07-07 12:00:00,47.5,0.0,292.82483,96.0
2024-07-07 18:00:00,47.5,0.0,293.1255,102.0
2024-07-08 00:00:00,47.5,0.0,287.49973,108.0
2024-07-08 06:00:00,47.5,0.0,287.3615,114.0
2024-07-08 12:00:00,47.5,0.0,294.6587,120.0
2024-07-08 18:00:00,47.5,0.0,293.76694,126.0
2024-07-09 00:00:00,47.5,0.0,289.75143,132.0
2024-07-09 06:00:00,47.5,0.0,290.66357,138.0
2024-07-09 12:00:00,47.5,0.0,296.12628,144.0
2024-07-09 18:00:00,47.5,0.0,296.63586,150.0
2024-07-10 00:00:00,47.5,0.0,292.15155,156.0
2024-07-10 06:00:00,47.5,0.0,291.99677,162.0
2024-07-10 12:00:00,47.5,0.0,297.62253,168.0
2024-07-10 18:00:00,47.5,0.0,297.57794,174.0
2024-07-11 00:00:00,47.5,0.0,293.33823,180.0
2024-07-11 06:00:00,47.5,0.0,292.72418,186.0
2024-07-11 12:00:00,47.5,0.0,296.88235,192.0
2024-07-11 18:00:00,47.5,0.0,297.07727,198.0
2024-07-12 00:00:00,47.5,0.0,291.41074,204.0
2024-07-12 06:00:00,47.5,0.0,289.3622,210.0
2024-07-12 12:00:00,47.5,0.0,295.51794,216.0
2024-07-12 18:00:00,47.5,0.0,295.90012,222.0
2024-07-13 00:00:00,47.5,0.0,289.82593,228.0
2024-07-13 06:00:00,47.5,0.0,289.03098,234.0
2024-07-13 12:00:00,47.5,0.0,292.59802,240.0
